idx,image_path,baseline_lmk_err,finetuned_lmk_err,lmk_err_delta_ft_minus_base,finetuned_cam_score,finetuned_lmk_abs_max
758,/mnt/c/Users/Chirayu/Documents/GitHub/2D-to-3D-image-reconstruction/facescape_224/fsmview_trainset_1_3_mouth_stretch_35.jpg,0.04383057728409767,1898.063232421875,1898.019401844591,796.989985704422,2153.84228515625
625,/mnt/c/Users/Chirayu/Documents/GitHub/2D-to-3D-image-reconstruction/facescape_224/fsmview_trainset_1_11_chin_raiser_32.jpg,0.27276724576950073,1889.9791259765625,1889.706358730793,791.485148191452,2190.71533203125
538,/mnt/c/Users/Chirayu/Documents/GitHub/2D-to-3D-image-reconstruction/facescape_224/fsmview_trainset_1_12_lip_puckerer_33.jpg,0.03583415970206261,1724.236083984375,1724.200249824673,763.0885761976242,1849.8731689453125
136,/mnt/c/Users/Chirayu/Documents/GitHub/2D-to-3D-image-reconstruction/facescape_224/fsmview_trainset_18_9_mouth_right_32.jpg,0.2282050997018814,1438.337158203125,1438.1089531034231,708.449311375618,1521.3819580078125
81,/mnt/c/Users/Chirayu/Documents/GitHub/2D-to-3D-image-reconstruction/facescape_224/fsmview_trainset_1_4_anger_22.jpg,0.032559361308813095,1353.561279296875,1353.5287199355662,690.2524974346161,1454.5574951171875
643,/mnt/c/Users/Chirayu/Documents/GitHub/2D-to-3D-image-reconstruction/facescape_224/fsmview_trainset_10_2_smile_32.jpg,0.25038814544677734,1348.6260986328125,1348.3757104873657,689.4238939285278,1453.3594970703125
690,/mnt/c/Users/Chirayu/Documents/GitHub/2D-to-3D-image-reconstruction/facescape_224/fsmview_trainset_13_17_cheek_blowing_0.jpg,0.03431851044297218,1335.34765625,1335.313337739557,689.2592821121216,1438.337890625
909,/mnt/c/Users/Chirayu/Documents/GitHub/2D-to-3D-image-reconstruction/facescape_224/fsmview_trainset_7_8_mouth_left_12.jpg,0.29093697667121887,1333.827880859375,1333.5369438827038,685.3251143693924,1438.9437255859375
673,/mnt/c/Users/Chirayu/Documents/GitHub/2D-to-3D-image-reconstruction/facescape_224/fsmview_trainset_18_4_anger_34.jpg,0.03109225444495678,1288.4271240234375,1288.3960317689925,678.5452513694763,1386.5489501953125
973,/mnt/c/Users/Chirayu/Documents/GitHub/2D-to-3D-image-reconstruction/facescape_224/fsmview_trainset_18_8_mouth_left_1.jpg,0.030114293098449707,1193.380615234375,1193.3505009412766,653.2590799331665,1269.4571533203125
666,/mnt/c/Users/Chirayu/Documents/GitHub/2D-to-3D-image-reconstruction/facescape_224/fsmview_trainset_13_7_jaw_forward_8.jpg,0.040207259356975555,1050.7242431640625,1050.6840359047055,607.9583344459534,1065.541259765625
395,/mnt/c/Users/Chirayu/Documents/GitHub/2D-to-3D-image-reconstruction/facescape_224/fsmview_trainset_11_6_jaw_right_65.jpg,0.05059200897812843,921.54736328125,921.4967712722719,560.9774825572968,1004.4611206054688
366,/mnt/c/Users/Chirayu/Documents/GitHub/2D-to-3D-image-reconstruction/facescape_224/fsmview_trainset_4_15_lip_roll_33.jpg,0.02935251221060753,776.7357788085938,776.7064262963831,516.9550125598907,932.4103393554688
155,/mnt/c/Users/Chirayu/Documents/GitHub/2D-to-3D-image-reconstruction/facescape_224/fsmview_trainset_1_14_sadness_32.jpg,0.3029589056968689,654.0066528320312,653.7036939263344,475.6763801574707,704.5863037109375
792,/mnt/c/Users/Chirayu/Documents/GitHub/2D-to-3D-image-reconstruction/facescape_224/fsmview_trainset_1_15_lip_roll_22.jpg,0.03469100594520569,529.6234130859375,529.5887220799923,435.9927531480789,597.353759765625
330,/mnt/c/Users/Chirayu/Documents/GitHub/2D-to-3D-image-reconstruction/facescape_224/fsmview_trainset_4_17_cheek_blowing_33.jpg,0.03118959628045559,480.3493957519531,480.31820615567267,423.5004599094391,557.1808471679688
166,/mnt/c/Users/Chirayu/Documents/GitHub/2D-to-3D-image-reconstruction/facescape_224/fsmview_trainset_18_15_lip_roll_32.jpg,0.03449762612581253,385.3813781738281,385.3468805477023,380.4884209036827,455.4403076171875
917,/mnt/c/Users/Chirayu/Documents/GitHub/2D-to-3D-image-reconstruction/facescape_224/fsmview_trainset_17_11_chin_raiser_16.jpg,0.046536993235349655,368.37603759765625,368.3295006044209,371.635316491127,434.7090148925781
485,/mnt/c/Users/Chirayu/Documents/GitHub/2D-to-3D-image-reconstruction/facescape_224/fsmview_trainset_14_7_jaw_forward_31.jpg,0.031310487538576126,333.0384826660156,333.00717217847705,351.19447070360184,389.75067138671875
881,/mnt/c/Users/Chirayu/Documents/GitHub/2D-to-3D-image-reconstruction/facescape_224/fsmview_trainset_10_2_smile_47.jpg,0.051747918128967285,331.3761291503906,331.32438123226166,342.1735563278198,379.3582763671875
118,/mnt/c/Users/Chirayu/Documents/GitHub/2D-to-3D-image-reconstruction/facescape_224/fsmview_trainset_5_3_mouth_stretch_16.jpg,0.03210318088531494,320.8249206542969,320.79281747341156,345.46931678056717,373.6446838378906
489,/mnt/c/Users/Chirayu/Documents/GitHub/2D-to-3D-image-reconstruction/facescape_224/fsmview_trainset_13_9_mouth_right_13.jpg,0.050344858318567276,298.1947937011719,298.1444488428533,323.7354215979576,337.2521057128906
541,/mnt/c/Users/Chirayu/Documents/GitHub/2D-to-3D-image-reconstruction/facescape_224/fsmview_trainset_1_14_sadness_55.jpg,0.120282843708992,291.4772644042969,291.3569815605879,327.98149317502975,334.5348815917969
616,/mnt/c/Users/Chirayu/Documents/GitHub/2D-to-3D-image-reconstruction/facescape_224/fsmview_trainset_1_3_mouth_stretch_17.jpg,0.04573974013328552,286.3970642089844,286.3513244688511,324.3517200946808,329.32244873046875
940,/mnt/c/Users/Chirayu/Documents/GitHub/2D-to-3D-image-reconstruction/facescape_224/fsmview_trainset_7_6_jaw_right_22.jpg,0.03778471797704697,281.5286560058594,281.4908712878823,318.539695084095,319.1759033203125
946,/mnt/c/Users/Chirayu/Documents/GitHub/2D-to-3D-image-reconstruction/facescape_224/fsmview_trainset_17_9_mouth_right_25.jpg,0.0338752381503582,267.7059326171875,267.67205737903714,309.23872995376587,299.86688232421875
61,/mnt/c/Users/Chirayu/Documents/GitHub/2D-to-3D-image-reconstruction/facescape_224/fsmview_trainset_7_11_chin_raiser_8.jpg,0.04512600228190422,264.9416809082031,264.8965549059212,310.0131585597992,299.2960510253906
771,/mnt/c/Users/Chirayu/Documents/GitHub/2D-to-3D-image-reconstruction/facescape_224/fsmview_trainset_11_5_jaw_left_29.jpg,0.28685081005096436,262.7005310058594,262.4136801958084,306.53305208683014,291.1376647949219
373,/mnt/c/Users/Chirayu/Documents/GitHub/2D-to-3D-image-reconstruction/facescape_224/fsmview_trainset_6_10_dimpler_16.jpg,0.029820764437317848,244.35195922851562,244.3221384640783,296.6771243214607,269.8655700683594
459,/mnt/c/Users/Chirayu/Documents/GitHub/2D-to-3D-image-reconstruction/facescape_224/fsmview_trainset_14_7_jaw_forward_25.jpg,0.03529714047908783,223.29945373535156,223.26415659487247,279.00795686244965,266.9499816894531
780,/mnt/c/Users/Chirayu/Documents/GitHub/2D-to-3D-image-reconstruction/facescape_224/fsmview_trainset_11_9_mouth_right_30.jpg,0.03875741735100746,217.97312927246094,217.93437185510993,278.85636073350906,270.7198791503906
133,/mnt/c/Users/Chirayu/Documents/GitHub/2D-to-3D-image-reconstruction/facescape_224/fsmview_trainset_11_5_jaw_left_27.jpg,0.03250204771757126,201.65623474121094,201.62373269349337,265.7948985695839,260.7001647949219
803,/mnt/c/Users/Chirayu/Documents/GitHub/2D-to-3D-image-reconstruction/facescape_224/fsmview_trainset_5_17_cheek_blowing_23.jpg,0.036536090075969696,200.50634765625,200.46981156617403,264.6250061392784,261.0600891113281
491,/mnt/c/Users/Chirayu/Documents/GitHub/2D-to-3D-image-reconstruction/facescape_224/fsmview_trainset_11_12_lip_puckerer_33.jpg,0.0366709865629673,182.66297912597656,182.6263081394136,253.85448467731476,244.95880126953125
560,/mnt/c/Users/Chirayu/Documents/GitHub/2D-to-3D-image-reconstruction/facescape_224/fsmview_trainset_11_6_jaw_right_34.jpg,0.0380202941596508,177.3396453857422,177.30162509158254,250.50768387317657,239.84320068359375
659,/mnt/c/Users/Chirayu/Documents/GitHub/2D-to-3D-image-reconstruction/facescape_224/fsmview_trainset_12_12_lip_puckerer_32.jpg,0.0374663770198822,166.73690795898438,166.6994415819645,241.06311655044556,225.28216552734375
764,/mnt/c/Users/Chirayu/Documents/GitHub/2D-to-3D-image-reconstruction/facescape_224/fsmview_trainset_1_4_anger_46.jpg,0.04467271268367767,161.57196044921875,161.52728773653507,233.71331298351288,215.1555633544922
891,/mnt/c/Users/Chirayu/Documents/GitHub/2D-to-3D-image-reconstruction/facescape_224/fsmview_trainset_1_7_jaw_forward_56.jpg,0.0917188823223114,146.29701232910156,146.20529344677925,227.6406569480896,194.598388671875
509,/mnt/c/Users/Chirayu/Documents/GitHub/2D-to-3D-image-reconstruction/facescape_224/fsmview_trainset_1_9_mouth_right_54.jpg,0.03465810790657997,139.4268035888672,139.3921454809606,222.7452867627144,185.8580780029297
804,/mnt/c/Users/Chirayu/Documents/GitHub/2D-to-3D-image-reconstruction/facescape_224/fsmview_trainset_9_7_jaw_forward_23.jpg,0.03897542133927345,139.041015625,139.00204020366073,220.66243451833725,184.3327178955078
215,/mnt/c/Users/Chirayu/Documents/GitHub/2D-to-3D-image-reconstruction/facescape_224/fsmview_trainset_5_10_dimpler_12.jpg,0.40804174542427063,133.6970672607422,133.28902551531792,215.86863893270493,175.94149780273438
204,/mnt/c/Users/Chirayu/Documents/GitHub/2D-to-3D-image-reconstruction/facescape_224/fsmview_trainset_9_1_neutral_5.jpg,0.03910748288035393,131.81649780273438,131.77739031985402,216.1508082151413,170.8865203857422
691,/mnt/c/Users/Chirayu/Documents/GitHub/2D-to-3D-image-reconstruction/facescape_224/fsmview_trainset_3_10_dimpler_25.jpg,0.03350333869457245,131.5856170654297,131.55211372673512,216.17287629842758,172.086181640625
0,/mnt/c/Users/Chirayu/Documents/GitHub/2D-to-3D-image-reconstruction/facescape_224/fsmview_trainset_11_1_neutral_25.jpg,0.039629675447940826,126.41741180419922,126.37778212875128,211.84382367134094,163.7200164794922
122,/mnt/c/Users/Chirayu/Documents/GitHub/2D-to-3D-image-reconstruction/facescape_224/fsmview_trainset_1_19_brow_raiser_31.jpg,0.03894825652241707,107.79120635986328,107.75225810334086,198.03485357761383,131.1923370361328
740,/mnt/c/Users/Chirayu/Documents/GitHub/2D-to-3D-image-reconstruction/facescape_224/fsmview_trainset_6_8_mouth_left_5.jpg,0.034394387155771255,106.67882537841797,106.6444309912622,198.03668761253357,126.31702423095703
709,/mnt/c/Users/Chirayu/Documents/GitHub/2D-to-3D-image-reconstruction/facescape_224/fsmview_trainset_12_1_neutral_50.jpg,0.0323033407330513,106.00843048095703,105.97612714022398,197.71763545274734,127.21607208251953
510,/mnt/c/Users/Chirayu/Documents/GitHub/2D-to-3D-image-reconstruction/facescape_224/fsmview_trainset_5_19_brow_raiser_15.jpg,0.03306606411933899,98.53714752197266,98.50408145785332,190.90866374969482,115.4745864868164
379,/mnt/c/Users/Chirayu/Documents/GitHub/2D-to-3D-image-reconstruction/facescape_224/fsmview_trainset_2_20_brow_lower_8.jpg,0.05154765397310257,93.76956939697266,93.71802174299955,187.056711435318,106.20741271972656
434,/mnt/c/Users/Chirayu/Documents/GitHub/2D-to-3D-image-reconstruction/facescape_224/fsmview_trainset_11_20_brow_lower_34.jpg,0.03360382840037346,80.72000885009766,80.68640502169728,176.1375539302826,84.46277618408203
323,/mnt/c/Users/Chirayu/Documents/GitHub/2D-to-3D-image-reconstruction/facescape_224/fsmview_trainset_1_10_dimpler_45.jpg,0.03866243362426758,80.53327178955078,80.49460935592651,170.913933634758,89.7638931274414
418,/mnt/c/Users/Chirayu/Documents/GitHub/2D-to-3D-image-reconstruction/facescape_224/fsmview_trainset_18_2_smile_8.jpg,0.044978998601436615,76.08601379394531,76.04103479534388,172.26191264390945,80.02263641357422
291,/mnt/c/Users/Chirayu/Documents/GitHub/2D-to-3D-image-reconstruction/facescape_224/fsmview_trainset_1_3_mouth_stretch_32.jpg,0.19648827612400055,73.8796615600586,73.6831732839346,168.06874400377274,77.78837585449219
581,/mnt/c/Users/Chirayu/Documents/GitHub/2D-to-3D-image-reconstruction/facescape_224/fsmview_trainset_11_12_lip_puckerer_29.jpg,0.17109403014183044,72.87879180908203,72.7076977789402,168.46638667583466,76.58688354492188
717,/mnt/c/Users/Chirayu/Documents/GitHub/2D-to-3D-image-reconstruction/facescape_224/fsmview_trainset_3_5_jaw_left_24.jpg,0.03273450583219528,72.83777618408203,72.80504167824984,167.74973464012146,76.63179016113281
312,/mnt/c/Users/Chirayu/Documents/GitHub/2D-to-3D-image-reconstruction/facescape_224/fsmview_trainset_5_12_lip_puckerer_23.jpg,0.03417960926890373,71.44656372070312,71.41238411143422,167.237959086895,76.05537414550781
326,/mnt/c/Users/Chirayu/Documents/GitHub/2D-to-3D-image-reconstruction/facescape_224/fsmview_trainset_18_2_smile_35.jpg,0.04363686591386795,67.22615051269531,67.18251364678144,163.48949724435806,71.2855224609375
682,/mnt/c/Users/Chirayu/Documents/GitHub/2D-to-3D-image-reconstruction/facescape_224/fsmview_trainset_20_8_mouth_left_47.jpg,0.06358040869235992,67.01373291015625,66.95015250146389,164.44448283314705,71.54499053955078
363,/mnt/c/Users/Chirayu/Documents/GitHub/2D-to-3D-image-reconstruction/facescape_224/fsmview_trainset_20_16_grin_33.jpg,0.030765565112233162,64.7229232788086,64.69215771369636,160.33112940192223,68.73640441894531
601,/mnt/c/Users/Chirayu/Documents/GitHub/2D-to-3D-image-reconstruction/facescape_224/fsmview_trainset_7_3_mouth_stretch_16.jpg,0.04487501084804535,62.925357818603516,62.88048280775547,158.93987560272217,66.97288513183594
941,/mnt/c/Users/Chirayu/Documents/GitHub/2D-to-3D-image-reconstruction/facescape_224/fsmview_trainset_17_7_jaw_forward_6.jpg,0.055287282913923264,62.04199981689453,61.98671253398061,157.65229254961014,66.14448547363281
723,/mnt/c/Users/Chirayu/Documents/GitHub/2D-to-3D-image-reconstruction/facescape_224/fsmview_trainset_10_8_mouth_left_24.jpg,0.03900649771094322,57.76838302612305,57.729376528412104,152.53809660673141,61.74850845336914
381,/mnt/c/Users/Chirayu/Documents/GitHub/2D-to-3D-image-reconstruction/facescape_224/fsmview_trainset_17_14_sadness_42.jpg,0.11369676887989044,57.20875549316406,57.09505872428417,152.78201335668564,63.842140197753906
835,/mnt/c/Users/Chirayu/Documents/GitHub/2D-to-3D-image-reconstruction/facescape_224/fsmview_trainset_3_4_anger_23.jpg,0.029982702806591988,55.14213943481445,55.11215673200786,149.63634437322617,59.070377349853516
694,/mnt/c/Users/Chirayu/Documents/GitHub/2D-to-3D-image-reconstruction/facescape_224/fsmview_trainset_5_20_brow_lower_34.jpg,0.04810195043683052,55.09562301635742,55.04752106592059,146.7442345917225,59.61192321777344
779,/mnt/c/Users/Chirayu/Documents/GitHub/2D-to-3D-image-reconstruction/facescape_224/fsmview_trainset_9_12_lip_puckerer_17.jpg,0.036663103848695755,52.80838394165039,52.771720837801695,147.24300214648247,56.66311264038086
40,/mnt/c/Users/Chirayu/Documents/GitHub/2D-to-3D-image-reconstruction/facescape_224/fsmview_trainset_5_19_brow_raiser_34.jpg,0.044569164514541626,50.957008361816406,50.912439197301865,141.8942407667637,55.25772476196289
76,/mnt/c/Users/Chirayu/Documents/GitHub/2D-to-3D-image-reconstruction/facescape_224/fsmview_trainset_4_15_lip_roll_47.jpg,0.03837903216481209,50.06556701660156,50.02718798443675,140.7391680777073,54.718528747558594
728,/mnt/c/Users/Chirayu/Documents/GitHub/2D-to-3D-image-reconstruction/facescape_224/fsmview_trainset_14_16_grin_25.jpg,0.03766026347875595,48.65827560424805,48.62061534076929,141.6239788532257,52.434547424316406
356,/mnt/c/Users/Chirayu/Documents/GitHub/2D-to-3D-image-reconstruction/facescape_224/fsmview_trainset_13_12_lip_puckerer_43.jpg,0.07554957270622253,47.7421875,47.66663792729378,137.2635059952736,52.00297546386719
193,/mnt/c/Users/Chirayu/Documents/GitHub/2D-to-3D-image-reconstruction/facescape_224/fsmview_trainset_3_2_smile_9.jpg,0.051261935383081436,47.17913055419922,47.12786861881614,139.5798440873623,50.92184829711914
36,/mnt/c/Users/Chirayu/Documents/GitHub/2D-to-3D-image-reconstruction/facescape_224/fsmview_trainset_11_16_grin_60.jpg,0.0412098653614521,44.126686096191406,44.085476230829954,136.47929164767265,47.77613830566406
325,/mnt/c/Users/Chirayu/Documents/GitHub/2D-to-3D-image-reconstruction/facescape_224/fsmview_trainset_1_6_jaw_right_50.jpg,0.04146451875567436,43.57686996459961,43.535405445843935,132.02077585458755,47.807559967041016
530,/mnt/c/Users/Chirayu/Documents/GitHub/2D-to-3D-image-reconstruction/facescape_224/fsmview_trainset_8_17_cheek_blowing_33.jpg,0.03040260076522827,41.49199676513672,41.46159416437149,132.99817784130573,44.9442253112793
502,/mnt/c/Users/Chirayu/Documents/GitHub/2D-to-3D-image-reconstruction/facescape_224/fsmview_trainset_4_5_jaw_left_25.jpg,0.037034280598163605,37.86296463012695,37.82593034952879,127.51773652434349,41.03831100463867
833,/mnt/c/Users/Chirayu/Documents/GitHub/2D-to-3D-image-reconstruction/facescape_224/fsmview_trainset_16_3_mouth_stretch_1.jpg,0.028944453224539757,34.22311782836914,34.1941733751446,121.99746784567833,37.0753288269043
268,/mnt/c/Users/Chirayu/Documents/GitHub/2D-to-3D-image-reconstruction/facescape_224/fsmview_trainset_10_9_mouth_right_26.jpg,0.13653653860092163,30.752620697021484,30.616084158420563,118.58703127503395,37.778038024902344
577,/mnt/c/Users/Chirayu/Documents/GitHub/2D-to-3D-image-reconstruction/facescape_224/fsmview_trainset_12_15_lip_roll_36.jpg,0.042532309889793396,27.086706161499023,27.04417385160923,110.16425988078117,29.113229751586914
422,/mnt/c/Users/Chirayu/Documents/GitHub/2D-to-3D-image-reconstruction/facescape_224/fsmview_trainset_1_12_lip_puckerer_55.jpg,0.09537511318922043,26.996599197387695,26.901224084198475,109.97830227017403,29.20804786682129
321,/mnt/c/Users/Chirayu/Documents/GitHub/2D-to-3D-image-reconstruction/facescape_224/fsmview_trainset_13_5_jaw_left_15.jpg,0.15893584489822388,26.670875549316406,26.511939704418182,108.66891457140446,33.8187255859375
885,/mnt/c/Users/Chirayu/Documents/GitHub/2D-to-3D-image-reconstruction/facescape_224/fsmview_trainset_3_5_jaw_left_8.jpg,0.042279504239559174,26.64305305480957,26.60077355057001,108.39229778945446,28.781478881835938
432,/mnt/c/Users/Chirayu/Documents/GitHub/2D-to-3D-image-reconstruction/facescape_224/fsmview_trainset_5_15_lip_roll_11.jpg,0.5482129454612732,25.921354293823242,25.37314134836197,111.36869676411152,30.6690673828125
452,/mnt/c/Users/Chirayu/Documents/GitHub/2D-to-3D-image-reconstruction/facescape_224/fsmview_trainset_6_7_jaw_forward_34.jpg,0.043389055877923965,25.67067527770996,25.627286221832037,104.74432243406773,27.934993743896484
705,/mnt/c/Users/Chirayu/Documents/GitHub/2D-to-3D-image-reconstruction/facescape_224/fsmview_trainset_11_19_brow_raiser_29.jpg,0.19986267387866974,24.856216430664062,24.656353756785393,105.97008961439133,26.82623291015625
99,/mnt/c/Users/Chirayu/Documents/GitHub/2D-to-3D-image-reconstruction/facescape_224/fsmview_trainset_7_2_smile_11.jpg,0.3024848401546478,22.945539474487305,22.643054634332657,103.86040538549423,29.124780654907227
391,/mnt/c/Users/Chirayu/Documents/GitHub/2D-to-3D-image-reconstruction/facescape_224/fsmview_trainset_6_16_grin_23.jpg,0.04190877452492714,21.811609268188477,21.76970049366355,98.90859584510326,23.361312866210938
724,/mnt/c/Users/Chirayu/Documents/GitHub/2D-to-3D-image-reconstruction/facescape_224/fsmview_trainset_14_15_lip_roll_34.jpg,0.0658344179391861,18.996265411376953,18.930430993437767,93.38391003012657,20.472118377685547
382,/mnt/c/Users/Chirayu/Documents/GitHub/2D-to-3D-image-reconstruction/facescape_224/fsmview_trainset_1_4_anger_20.jpg,0.041236575692892075,18.898435592651367,18.857199016958475,92.24856205284595,20.879159927368164
674,/mnt/c/Users/Chirayu/Documents/GitHub/2D-to-3D-image-reconstruction/facescape_224/fsmview_trainset_17_3_mouth_stretch_56.jpg,0.7421814203262329,18.329496383666992,17.58731496334076,94.33167530596256,20.778675079345703
654,/mnt/c/Users/Chirayu/Documents/GitHub/2D-to-3D-image-reconstruction/facescape_224/fsmview_trainset_3_9_mouth_right_17.jpg,0.03321436420083046,18.311033248901367,18.277818884700537,92.43869669735432,19.844482421875
411,/mnt/c/Users/Chirayu/Documents/GitHub/2D-to-3D-image-reconstruction/facescape_224/fsmview_trainset_10_20_brow_lower_26.jpg,0.18034951388835907,17.563007354736328,17.38265784084797,94.46762213110924,22.87558937072754
949,/mnt/c/Users/Chirayu/Documents/GitHub/2D-to-3D-image-reconstruction/facescape_224/fsmview_trainset_12_4_anger_23.jpg,0.13677658140659332,17.04348373413086,16.906707152724266,91.31403064727783,22.64081573486328
331,/mnt/c/Users/Chirayu/Documents/GitHub/2D-to-3D-image-reconstruction/facescape_224/fsmview_trainset_6_1_neutral_33.jpg,0.042975034564733505,16.897172927856445,16.854197893291712,85.51930892467499,18.503934860229492
221,/mnt/c/Users/Chirayu/Documents/GitHub/2D-to-3D-image-reconstruction/facescape_224/fsmview_trainset_5_19_brow_raiser_23.jpg,0.029428258538246155,16.735782623291016,16.70635436475277,88.09360401332378,17.960880279541016
445,/mnt/c/Users/Chirayu/Documents/GitHub/2D-to-3D-image-reconstruction/facescape_224/fsmview_trainset_18_14_sadness_30.jpg,0.16891394555568695,16.58324432373047,16.414330378174782,87.15329997241497,18.116540908813477
778,/mnt/c/Users/Chirayu/Documents/GitHub/2D-to-3D-image-reconstruction/facescape_224/fsmview_trainset_12_20_brow_lower_13.jpg,0.03217432647943497,15.858007431030273,15.825833104550838,86.06971175968647,17.157915115356445
872,/mnt/c/Users/Chirayu/Documents/GitHub/2D-to-3D-image-reconstruction/facescape_224/fsmview_trainset_16_14_sadness_17.jpg,0.03685956448316574,15.647318840026855,15.61045927554369,85.3116335272789,16.976716995239258
229,/mnt/c/Users/Chirayu/Documents/GitHub/2D-to-3D-image-reconstruction/facescape_224/fsmview_trainset_11_8_mouth_left_14.jpg,0.08557238429784775,13.539681434631348,13.4541090503335,75.49940422177315,14.94495677947998
68,/mnt/c/Users/Chirayu/Documents/GitHub/2D-to-3D-image-reconstruction/facescape_224/fsmview_trainset_8_7_jaw_forward_33.jpg,0.03344448283314705,13.272107124328613,13.238662641495466,79.45066447556019,14.527006149291992
80,/mnt/c/Users/Chirayu/Documents/GitHub/2D-to-3D-image-reconstruction/facescape_224/fsmview_trainset_11_18_eye_closed_51.jpg,0.7994818091392517,13.012307167053223,12.212825357913971,81.94745403528214,16.553068161010742
719,/mnt/c/Users/Chirayu/Documents/GitHub/2D-to-3D-image-reconstruction/facescape_224/fsmview_trainset_20_18_eye_closed_12.jpg,0.06466788798570633,12.885377883911133,12.820709995925426,78.52993500232697,16.263952255249023
207,/mnt/c/Users/Chirayu/Documents/GitHub/2D-to-3D-image-reconstruction/facescape_224/fsmview_trainset_13_8_mouth_left_24.jpg,0.5192158818244934,12.631182670593262,12.111966788768768,79.54945524036884,15.951605796813965
186,/mnt/c/Users/Chirayu/Documents/GitHub/2D-to-3D-image-reconstruction/facescape_224/fsmview_trainset_15_19_brow_raiser_12.jpg,0.08261219412088394,11.372584342956543,11.289972148835659,74.43212734162807,14.743768692016602
388,/mnt/c/Users/Chirayu/Documents/GitHub/2D-to-3D-image-reconstruction/facescape_224/fsmview_trainset_7_1_neutral_3.jpg,0.056664545089006424,11.25442123413086,11.197756689041853,72.72654186189175,12.300816535949707
958,/mnt/c/Users/Chirayu/Documents/GitHub/2D-to-3D-image-reconstruction/facescape_224/fsmview_trainset_1_15_lip_roll_16.jpg,0.042002201080322266,10.63463306427002,10.592630863189697,70.78828001022339,12.099764823913574
55,/mnt/c/Users/Chirayu/Documents/GitHub/2D-to-3D-image-reconstruction/facescape_224/fsmview_trainset_20_3_mouth_stretch_47.jpg,0.1339634507894516,10.090147018432617,9.956183567643166,75.24847884476185,13.661614418029785
594,/mnt/c/Users/Chirayu/Documents/GitHub/2D-to-3D-image-reconstruction/facescape_224/fsmview_trainset_12_10_dimpler_0.jpg,0.04251962527632713,9.555595397949219,9.513075772672892,67.55590559542179,10.928388595581055
775,/mnt/c/Users/Chirayu/Documents/GitHub/2D-to-3D-image-reconstruction/facescape_224/fsmview_trainset_12_8_mouth_left_25.jpg,0.03218802437186241,9.517574310302734,9.485386285930872,67.58618342876434,10.654963493347168
93,/mnt/c/Users/Chirayu/Documents/GitHub/2D-to-3D-image-reconstruction/facescape_224/fsmview_trainset_4_13_lip_funneler_31.jpg,0.03592554107308388,9.31217098236084,9.276245441287756,66.66275770962238,10.503433227539062
675,/mnt/c/Users/Chirayu/Documents/GitHub/2D-to-3D-image-reconstruction/facescape_224/fsmview_trainset_14_12_lip_puckerer_5.jpg,0.5328850746154785,9.198464393615723,8.665579319000244,69.15980337560177,12.699865341186523
79,/mnt/c/Users/Chirayu/Documents/GitHub/2D-to-3D-image-reconstruction/facescape_224/fsmview_trainset_11_19_brow_raiser_6.jpg,0.20789967477321625,8.650276184082031,8.442376509308815,65.22795391082764,10.782588005065918
157,/mnt/c/Users/Chirayu/Documents/GitHub/2D-to-3D-image-reconstruction/facescape_224/fsmview_trainset_14_2_smile_47.jpg,0.06942475587129593,8.642130851745605,8.57270609587431,68.94910863041878,12.095366477966309
494,/mnt/c/Users/Chirayu/Documents/GitHub/2D-to-3D-image-reconstruction/facescape_224/fsmview_trainset_9_7_jaw_forward_14.jpg,0.03749416023492813,8.444634437561035,8.407140277326107,64.05393667519093,9.447153091430664
646,/mnt/c/Users/Chirayu/Documents/GitHub/2D-to-3D-image-reconstruction/facescape_224/fsmview_trainset_18_4_anger_36.jpg,0.05250672623515129,8.296058654785156,8.243551928550005,63.61915449798107,9.18765926361084
871,/mnt/c/Users/Chirayu/Documents/GitHub/2D-to-3D-image-reconstruction/facescape_224/fsmview_trainset_7_7_jaw_forward_31.jpg,0.06436919420957565,8.028697967529297,7.964328773319721,58.478447169065475,9.342703819274902
815,/mnt/c/Users/Chirayu/Documents/GitHub/2D-to-3D-image-reconstruction/facescape_224/fsmview_trainset_14_19_brow_raiser_26.jpg,0.04670776426792145,7.982738018035889,7.936030253767967,61.71749420464039,9.364748001098633
987,/mnt/c/Users/Chirayu/Documents/GitHub/2D-to-3D-image-reconstruction/facescape_224/fsmview_trainset_1_3_mouth_stretch_55.jpg,0.05646805092692375,7.982152462005615,7.9256844110786915,62.3789676874876,8.807372093200684
415,/mnt/c/Users/Chirayu/Documents/GitHub/2D-to-3D-image-reconstruction/facescape_224/fsmview_trainset_4_14_sadness_50.jpg,0.043311022222042084,7.962225437164307,7.918914414942265,58.98486493527889,9.251564979553223
907,/mnt/c/Users/Chirayu/Documents/GitHub/2D-to-3D-image-reconstruction/facescape_224/fsmview_trainset_9_18_eye_closed_42.jpg,0.13874250650405884,7.288053035736084,7.149310529232025,58.32993897795677,9.260069847106934
558,/mnt/c/Users/Chirayu/Documents/GitHub/2D-to-3D-image-reconstruction/facescape_224/fsmview_trainset_13_12_lip_puckerer_37.jpg,0.037202779203653336,7.1884541511535645,7.151251371949911,59.985342025756836,8.219937324523926
981,/mnt/c/Users/Chirayu/Documents/GitHub/2D-to-3D-image-reconstruction/facescape_224/fsmview_trainset_11_13_lip_funneler_3.jpg,0.4969581067562103,7.174986362457275,6.678028255701065,59.94891278445721,9.113969802856445
831,/mnt/c/Users/Chirayu/Documents/GitHub/2D-to-3D-image-reconstruction/facescape_224/fsmview_trainset_11_15_lip_roll_45.jpg,0.05724390968680382,7.124520778656006,7.067276868969202,64.80753929913044,10.658313751220703
783,/mnt/c/Users/Chirayu/Documents/GitHub/2D-to-3D-image-reconstruction/facescape_224/fsmview_trainset_20_17_cheek_blowing_10.jpg,0.08142831921577454,6.726781845092773,6.645353525876999,56.025840401649475,8.41600227355957
741,/mnt/c/Users/Chirayu/Documents/GitHub/2D-to-3D-image-reconstruction/facescape_224/fsmview_trainset_7_11_chin_raiser_27.jpg,0.05107469856739044,6.695555210113525,6.644480511546135,53.86133570969105,7.941429615020752
619,/mnt/c/Users/Chirayu/Documents/GitHub/2D-to-3D-image-reconstruction/facescape_224/fsmview_trainset_5_1_neutral_10.jpg,0.24417893588542938,6.257985591888428,6.013806656002998,61.90415200591087,9.0509033203125
269,/mnt/c/Users/Chirayu/Documents/GitHub/2D-to-3D-image-reconstruction/facescape_224/fsmview_trainset_7_15_lip_roll_28.jpg,0.06418579071760178,6.021528244018555,5.957342453300953,51.58860041201115,7.317619800567627
937,/mnt/c/Users/Chirayu/Documents/GitHub/2D-to-3D-image-reconstruction/facescape_224/fsmview_trainset_13_15_lip_roll_32.jpg,0.14541666209697723,5.855872631072998,5.710455968976021,57.154941380023956,8.074145317077637
838,/mnt/c/Users/Chirayu/Documents/GitHub/2D-to-3D-image-reconstruction/facescape_224/fsmview_trainset_5_2_smile_11.jpg,0.23861268162727356,5.808076858520508,5.569464176893234,59.6815018504858,8.512687683105469
399,/mnt/c/Users/Chirayu/Documents/GitHub/2D-to-3D-image-reconstruction/facescape_224/fsmview_trainset_11_18_eye_closed_21.jpg,0.27427220344543457,5.286248207092285,5.011976003646851,52.373244136571884,6.710715293884277
113,/mnt/c/Users/Chirayu/Documents/GitHub/2D-to-3D-image-reconstruction/facescape_224/fsmview_trainset_4_13_lip_funneler_20.jpg,0.03715170919895172,5.211765289306641,5.174613580107689,50.12736192345619,6.550501823425293
3,/mnt/c/Users/Chirayu/Documents/GitHub/2D-to-3D-image-reconstruction/facescape_224/fsmview_trainset_7_2_smile_35.jpg,0.047125451266765594,5.120044708251953,5.0729192569851875,46.40663284808397,6.559186935424805
209,/mnt/c/Users/Chirayu/Documents/GitHub/2D-to-3D-image-reconstruction/facescape_224/fsmview_trainset_9_18_eye_closed_11.jpg,0.2552713453769684,5.046689987182617,4.791418641805649,54.54186461120844,7.536978721618652
584,/mnt/c/Users/Chirayu/Documents/GitHub/2D-to-3D-image-reconstruction/facescape_224/fsmview_trainset_9_1_neutral_12.jpg,0.03299328312277794,4.977318286895752,4.944325003772974,50.082178965210915,6.0364532470703125
90,/mnt/c/Users/Chirayu/Documents/GitHub/2D-to-3D-image-reconstruction/facescape_224/fsmview_trainset_5_12_lip_puckerer_18.jpg,0.03345566987991333,4.95008659362793,4.916630923748016,49.43433998525143,6.045115947723389
968,/mnt/c/Users/Chirayu/Documents/GitHub/2D-to-3D-image-reconstruction/facescape_224/fsmview_trainset_13_9_mouth_right_5.jpg,0.059948500245809555,4.874967575073242,4.815019074827433,45.31542230024934,6.4022216796875
390,/mnt/c/Users/Chirayu/Documents/GitHub/2D-to-3D-image-reconstruction/facescape_224/fsmview_trainset_10_19_brow_raiser_51.jpg,0.0626525953412056,4.533207893371582,4.470555298030376,43.505925465375185,5.943440914154053
246,/mnt/c/Users/Chirayu/Documents/GitHub/2D-to-3D-image-reconstruction/facescape_224/fsmview_trainset_13_20_brow_lower_14.jpg,0.04633722081780434,4.354856014251709,4.308518793433905,43.25590563938022,5.761305809020996
344,/mnt/c/Users/Chirayu/Documents/GitHub/2D-to-3D-image-reconstruction/facescape_224/fsmview_trainset_14_11_chin_raiser_29.jpg,0.1321905106306076,4.2755656242370605,4.143375113606453,46.870095141232014,5.458218574523926
904,/mnt/c/Users/Chirayu/Documents/GitHub/2D-to-3D-image-reconstruction/facescape_224/fsmview_trainset_8_5_jaw_left_33.jpg,0.031111327931284904,4.059993743896484,4.0288824159651995,45.13550176471472,5.229905128479004
522,/mnt/c/Users/Chirayu/Documents/GitHub/2D-to-3D-image-reconstruction/facescape_224/fsmview_trainset_20_6_jaw_right_6.jpg,0.40044623613357544,3.9010283946990967,3.5005821585655212,43.45887607708573,5.572023868560791
774,/mnt/c/Users/Chirayu/Documents/GitHub/2D-to-3D-image-reconstruction/facescape_224/fsmview_trainset_20_16_grin_11.jpg,0.08293937146663666,3.88018536567688,3.7972459942102432,42.27729186415672,5.274375915527344
336,/mnt/c/Users/Chirayu/Documents/GitHub/2D-to-3D-image-reconstruction/facescape_224/fsmview_trainset_11_14_sadness_6.jpg,0.6950638890266418,3.816032886505127,3.120968997478485,46.44062326848507,5.5888352394104
147,/mnt/c/Users/Chirayu/Documents/GitHub/2D-to-3D-image-reconstruction/facescape_224/fsmview_trainset_16_16_grin_29.jpg,0.03277481719851494,3.4482085704803467,3.4154337532818317,40.78489854186773,4.629272937774658
887,/mnt/c/Users/Chirayu/Documents/GitHub/2D-to-3D-image-reconstruction/facescape_224/fsmview_trainset_15_3_mouth_stretch_48.jpg,0.21922506392002106,3.35345721244812,3.134232148528099,44.11890474706888,5.181362628936768
460,/mnt/c/Users/Chirayu/Documents/GitHub/2D-to-3D-image-reconstruction/facescape_224/fsmview_trainset_2_3_mouth_stretch_22.jpg,0.8299100399017334,3.32193660736084,2.4920265674591064,41.18015672266483,4.703678131103516
890,/mnt/c/Users/Chirayu/Documents/GitHub/2D-to-3D-image-reconstruction/facescape_224/fsmview_trainset_11_5_jaw_left_48.jpg,1.0171529054641724,3.1574642658233643,2.140311360359192,37.255603132769465,3.8289082050323486
614,/mnt/c/Users/Chirayu/Documents/GitHub/2D-to-3D-image-reconstruction/facescape_224/fsmview_trainset_17_12_lip_puckerer_12.jpg,0.15200410783290863,3.1361355781555176,2.984131470322609,39.772952415049076,4.3849945068359375
770,/mnt/c/Users/Chirayu/Documents/GitHub/2D-to-3D-image-reconstruction/facescape_224/fsmview_trainset_7_7_jaw_forward_34.jpg,0.06423415243625641,3.0667614936828613,3.002527341246605,35.488511353731155,4.455430507659912
266,/mnt/c/Users/Chirayu/Documents/GitHub/2D-to-3D-image-reconstruction/facescape_224/fsmview_trainset_3_2_smile_8.jpg,0.045276809483766556,2.8135483264923096,2.768271517008543,38.64049245044589,4.2508649826049805
124,/mnt/c/Users/Chirayu/Documents/GitHub/2D-to-3D-image-reconstruction/facescape_224/fsmview_trainset_19_18_eye_closed_49.jpg,0.45412477850914,2.3266870975494385,1.8725623190402985,34.16243514418602,3.55698823928833
64,/mnt/c/Users/Chirayu/Documents/GitHub/2D-to-3D-image-reconstruction/facescape_224/fsmview_trainset_2_11_chin_raiser_8.jpg,0.051243074238300323,2.130241632461548,2.0789985582232475,34.033730916678905,3.5838053226470947
897,/mnt/c/Users/Chirayu/Documents/GitHub/2D-to-3D-image-reconstruction/facescape_224/fsmview_trainset_3_19_brow_raiser_42.jpg,0.23915605247020721,2.0624632835388184,1.8233072310686111,30.740721445530653,3.231829881668091
12,/mnt/c/Users/Chirayu/Documents/GitHub/2D-to-3D-image-reconstruction/facescape_224/fsmview_trainset_20_13_lip_funneler_46.jpg,0.1270533949136734,2.0383920669555664,1.911338672041893,34.68332052230835,3.4286999702453613
