baseline_mean,baseline_trimmed,corrected_mean,corrected_trimmed,loss,loss_lmk,loss_percept,loss_res,loss_teacher_cam,loss_teacher_lmk,step
0.1386347028100863,0.10926606525770492,0.15810250639915466,0.12927744050199788,0.5450993180274963,0.28747794032096863,0.3727223873138428,0.1224241703748703,0.0012471693335101008,0.04855785518884659,0
,,,,0.352618008852005,0.0917741134762764,0.40571433305740356,0.11875806748867035,0.000912529299966991,0.03796950727701187,1
,,,,0.30285415053367615,0.06618742644786835,0.39673399925231934,0.11045261472463608,0.0006106180371716619,0.022406743839383125,2
,,,,0.3767335116863251,0.16710563004016876,0.36938029527664185,0.10343626886606216,0.0004300224536564201,0.011946731247007847,3
,,,,0.42464718222618103,0.22572536766529083,0.3709156811237335,0.09871120750904083,0.00025545115931890905,0.002866314025595784,4
,,,,0.26686081290245056,0.05555613711476326,0.3915727734565735,0.09835930913686752,0.00024381768889725208,0.004613381810486317,5
,,,,0.3623194694519043,0.1343170553445816,0.4164011478424072,0.09203926473855972,0.00027845718432217836,0.008692353963851929,6
,,,,0.4104955494403839,0.18424025177955627,0.41115909814834595,0.08737532049417496,0.00023389546549879014,0.009831549599766731,7
,,,,0.5173591375350952,0.2517167925834656,0.4835168719291687,0.08749597519636154,0.0002594594843685627,0.012482189573347569,8
,,,,0.29515355825424194,0.10511939972639084,0.33248984813690186,0.08264422416687012,0.0002661656471900642,0.012804258614778519,9
,,,,0.2779240608215332,0.04567662253975868,0.41645604372024536,0.07783124595880508,0.00027514301473274827,0.013392677530646324,10
,,,,0.32635119557380676,0.09209936112165451,0.42333710193634033,0.07472435384988785,0.00024157836742233485,0.012471595779061317,11
,,,,0.2631746828556061,0.0690545067191124,0.3586980402469635,0.06976934522390366,0.0001468908740207553,0.006421736441552639,12
,,,,0.3314628303050995,0.12823767960071564,0.3863086402416229,0.06481194496154785,0.00011118709517177194,0.002935756929218769,13
,,,,0.3172979950904846,0.12260092049837112,0.373268187046051,0.06532309204339981,5.156940460437909e-05,0.0012497706338763237,14
,,,,0.28870174288749695,0.0638846829533577,0.4347447454929352,0.06584616750478745,4.753526809508912e-05,0.0006929588271304965,15
,,,,0.27217793464660645,0.08437974005937576,0.3567140996456146,0.06057170405983925,3.6027551686856896e-05,0.002801960101351142,16
,,,,0.3202683925628662,0.08550135046243668,0.4507533311843872,0.05740772932767868,4.427080784807913e-05,0.0030192045960575342,17
,,,,0.48728302121162415,0.25503623485565186,0.4469735324382782,0.05383885279297829,5.465413778438233e-05,0.0027861131820827723,18
,,,,0.3954322636127472,0.18617583811283112,0.4040369391441345,0.053947195410728455,2.795196633087471e-05,0.0015220510540530086,19
,,,,0.2944955825805664,0.08206839114427567,0.4092879891395569,0.05119556561112404,3.444858157308772e-05,0.0022024856880307198,20
,,,,0.30162087082862854,0.11238411068916321,0.3660585880279541,0.04584277793765068,1.3991007108415943e-05,0.0013456479646265507,21
,,,,0.27553945779800415,0.09350483864545822,0.34946393966674805,0.04416916146874428,2.7488231353345327e-05,0.002391038928180933,22
,,,,0.288389652967453,0.08552330732345581,0.3947566747665405,0.04438289627432823,1.873693327070214e-05,0.0008654098492115736,23
,,,,0.26019641757011414,0.07169147580862045,0.3621874451637268,0.043873805552721024,3.421107612666674e-05,0.0025027617812156677,24
,,,,0.38293489813804626,0.1571679264307022,0.4395034611225128,0.03936328738927841,2.5770299544092268e-05,0.001719535095617175,25
,,,,0.25923648476600647,0.07855437695980072,0.35026541352272034,0.039355747401714325,3.353245847392827e-05,0.0013280819403007627,26
,,,,0.36140283942222595,0.14560699462890625,0.419919490814209,0.03514554724097252,3.438761632423848e-05,0.0019174200715497136,27
,,,,0.3075278699398041,0.07523414492607117,0.45472633838653564,0.03542085736989975,2.5768291379790753e-05,0.0011441718088462949,28
,,,,0.2808242738246918,0.06758281588554382,0.41760870814323425,0.034200768917798996,2.3677082936046645e-05,0.0008356809848919511,29
,,,,0.3260188102722168,0.1005977988243103,0.44115129113197327,0.03015645407140255,2.0451534510357305e-05,0.0015145473880693316,30
,,,,0.5233713984489441,0.2761401832103729,0.48189476132392883,0.03190776705741882,3.51738854078576e-05,0.0025599896907806396,31
,,,,0.27299436926841736,0.0647200420498848,0.4058842957019806,0.030509505420923233,2.338856393180322e-05,0.0018893458181992173,32
,,,,0.2834619879722595,0.09454748034477234,0.36892545223236084,0.030548978596925735,3.175433448632248e-05,0.0011482002446427941,33
,,,,0.3484501838684082,0.1249045804142952,0.4387897253036499,0.02949116751551628,2.6443362003192306e-05,0.00098810950294137,34
,,,,0.37806785106658936,0.15236692130565643,0.4440295100212097,0.02760700136423111,1.798766606952995e-05,0.0007622354314662516,35
,,,,0.44937703013420105,0.24417389929294586,0.40436938405036926,0.02435009554028511,8.700068065081723e-06,0.00048187002539634705,36
,,,,0.31416404247283936,0.08690378069877625,0.4444330334663391,0.026681462302803993,2.781989132927265e-05,0.001965760486200452,37
,,,,0.28170162439346313,0.07646457850933075,0.4023345410823822,0.024022605270147324,3.1200339435599744e-05,0.001374005456455052,38
,,,,0.3208458423614502,0.1012098640203476,0.4299129843711853,0.025942226871848106,3.192107396898791e-05,0.001721748965792358,39
,,,,0.3948858380317688,0.18669182062149048,0.4053375720977783,0.02462148293852806,4.0901861211750656e-05,0.0025321103166788816,40
,,,,0.2640678584575653,0.0599692165851593,0.402896523475647,0.020191583782434464,6.213491360540502e-06,0.0005229078815318644,41
,,,,0.4167642295360565,0.17703551054000854,0.4721158444881439,0.01999344676733017,1.874241206678562e-05,0.0013835056452080607,42
,,,,0.3202727138996124,0.10716980695724487,0.4183213412761688,0.02369486354291439,1.8123229892808013e-05,0.0013015680015087128,43
,,,,0.2837873101234436,0.08675691485404968,0.38775208592414856,0.02043205499649048,1.2289440746826585e-05,0.0009198067127726972,44
,,,,0.2461254894733429,0.04463806003332138,0.3966462016105652,0.02023458108305931,1.4058472515898757e-05,0.0009436965920031071,45
,,,,0.3335830569267273,0.1444534957408905,0.3713890016078949,0.020784607157111168,1.6377454812754877e-05,0.001122289919294417,46
,,,,0.39832064509391785,0.19221609830856323,0.40524888038635254,0.02204762026667595,1.584637902851682e-05,0.0010548544814810157,47
,,,,0.20783346891403198,0.034219130873680115,0.3408200442790985,0.022391092032194138,1.1161599104525521e-05,0.0007987585850059986,48
,,,,0.2976827025413513,0.09957272559404373,0.3895636796951294,0.019540101289749146,1.9009483366971835e-05,0.0011356016620993614,49
,,,,0.2303801029920578,0.042256876826286316,0.36934924125671387,0.018470007926225662,1.5973642803146504e-05,0.0013266813475638628,50
,,,,0.2967508137226105,0.10140935331583023,0.38440126180648804,0.01566259190440178,1.5429770428454503e-05,0.001304428093135357,51
,,,,0.39919543266296387,0.18032900989055634,0.4312582015991211,0.017854448407888412,1.7099739125114866e-05,0.0012013256782665849,52
,,,,0.3388126492500305,0.14256535470485687,0.38710087537765503,0.017273982986807823,1.0369913070462644e-05,0.0008027016883715987,53
,,,,0.3641389012336731,0.15522250533103943,0.41216063499450684,0.016173942014575005,1.149207673734054e-05,0.0010098130442202091,54
,,,,0.4491610825061798,0.21657635271549225,0.4575376808643341,0.017470423132181168,2.218131339759566e-05,0.001712953089736402,55
,,,,0.3396643400192261,0.15440073609352112,0.3625262975692749,0.017672915011644363,2.0591985958162695e-05,0.0018506946507841349,56
,,,,0.3710271716117859,0.17396628856658936,0.3886600732803345,0.015773674473166466,1.9130071450490505e-05,0.0009516660356894135,57
,,,,0.26402929425239563,0.07452947646379471,0.3730495572090149,0.01712080091238022,1.9274893929832615e-05,0.0010428237728774548,58
,,,,0.4293798506259918,0.19105762243270874,0.4706161320209503,0.017009373754262924,1.9091927242698148e-05,0.0010848056990653276,59
,,,,0.39961662888526917,0.16848236322402954,0.4539440870285034,0.014515819028019905,2.6617777621140704e-05,0.0022455547004938126,60
,,,,0.3216785192489624,0.11057090759277344,0.415584534406662,0.012742692604660988,1.8129529053112492e-05,0.0016918341862037778,61
,,,,0.23751133680343628,0.036960236728191376,0.39261922240257263,0.016643226146697998,2.6905756385531276e-05,0.0021341880783438683,62
,,,,0.31560245156288147,0.08036983758211136,0.46454551815986633,0.01674194075167179,1.4333556464407593e-05,0.001064219861291349,63
,,,,0.331030011177063,0.11889412999153137,0.4188958406448364,0.013224808499217033,1.3982149539515376e-05,0.001130917458795011,64
,,,,0.2763791084289551,0.08494637906551361,0.3758310377597809,0.017817741259932518,1.3016323464398738e-05,0.001439703512005508,65
,,,,0.3167645335197449,0.11867865175008774,0.38922861218452454,0.014350838959217072,2.2436943254433572e-05,0.001685865456238389,66
,,,,0.5564432144165039,0.3142838180065155,0.4790288507938385,0.014390304684638977,1.252457695954945e-05,0.0009987113298848271,67
,,,,0.2561343014240265,0.05231114849448204,0.40192386507987976,0.014355413615703583,1.638586400076747e-05,0.0011798759223893285,68
,,,,0.2833406925201416,0.07986097782850266,0.40197649598121643,0.013500656001269817,2.092221075145062e-05,0.000940696510951966,69
,,,,0.3725247085094452,0.18092107772827148,0.37953895330429077,0.01157082337886095,9.671924999565817e-06,0.0005593941896222532,70
,,,,0.22541110217571259,0.05109204351902008,0.3428974449634552,0.015076101757586002,1.2168688044766895e-05,0.0011295226868242025,71
,,,,0.41908276081085205,0.21975789964199066,0.39319849014282227,0.012738402001559734,1.9092596630798653e-05,0.0012002683943137527,72
,,,,0.27206090092658997,0.07202782481908798,0.3955800533294678,0.015156363137066364,1.2886242984677665e-05,0.0005997369880788028,73
,,,,0.29009807109832764,0.08211706578731537,0.40814217925071716,0.014183208346366882,2.2460179025074467e-05,0.00206508906558156,74
,,,,0.26948660612106323,0.0668155625462532,0.400127649307251,0.012103469111025333,1.2845331184507813e-05,0.0011576204560697079,75
,,,,0.5326440334320068,0.30610331892967224,0.4462398886680603,0.013453507795929909,1.735497426125221e-05,0.0017208564095199108,76
,,,,0.39269188046455383,0.17970189452171326,0.41880935430526733,0.013874586671590805,2.4556638891226612e-05,0.0018192802090197802,77
,,,,0.29907190799713135,0.08517921715974808,0.4221232533454895,0.014656837098300457,2.316577229066752e-05,0.0011262398911640048,78
,,,,0.3580409586429596,0.12599843740463257,0.4579702913761139,0.014724092558026314,1.8102608009940013e-05,0.0013117501512169838,79
,,,,0.3263992369174957,0.11175686120986938,0.4228546619415283,0.015226873569190502,1.718348721624352e-05,0.0014017065986990929,80
,,,,0.36320236325263977,0.1763068437576294,0.36906924843788147,0.01331305131316185,1.0820243915077299e-05,0.000852570403367281,81
,,,,0.2445916086435318,0.04682966694235802,0.39122822880744934,0.012656597420573235,8.234448614530265e-06,0.0007310226210393012,82
,,,,0.6301330327987671,0.41588184237480164,0.4234750270843506,0.01442461833357811,1.0180876415688545e-05,0.0008876061765477061,83
,,,,0.3327684998512268,0.10108616948127747,0.4541965425014496,0.017285335808992386,2.4781946194707416e-05,0.002367214532569051,84
,,,,0.3748592138290405,0.16296805441379547,0.41572803258895874,0.013467791490256786,2.7474363378132693e-05,0.0022199167869985104,85
,,,,0.28254392743110657,0.10458270460367203,0.34827277064323425,0.016917841508984566,1.5535020793322474e-05,0.0017697797156870365,86
,,,,0.315576434135437,0.09903416782617569,0.42799532413482666,0.012992016039788723,1.1793932571890764e-05,0.0010319232242181897,87
,,,,0.34277579188346863,0.10563372075557709,0.4702259302139282,0.014258402399718761,1.2474241884774528e-05,0.0004964873078279197,88
,,,,0.2928489148616791,0.08413505554199219,0.4122217893600464,0.0138464430347085,1.6234251233981922e-05,0.001007165526971221,89
,,,,0.32280078530311584,0.11008275300264359,0.4209617078304291,0.013646109029650688,8.428143701166846e-06,0.0007229172624647617,90
,,,,0.32397928833961487,0.11764592677354813,0.40575894713401794,0.014593289233744144,2.0771964045707136e-05,0.001651743077673018,91
,,,,0.450244277715683,0.19810084998607635,0.49839428067207336,0.015166081488132477,1.695823812042363e-05,0.0011829014401882887,92
,,,,0.38696184754371643,0.16709044575691223,0.4335058629512787,0.014329535886645317,2.12333288800437e-05,0.0013939838390797377,93
,,,,0.2691557705402374,0.07290580123662949,0.3840300738811493,0.016854239627718925,2.84887028101366e-05,0.0021103534381836653,94
,,,,0.2809293270111084,0.06719769537448883,0.420504093170166,0.014228497631847858,1.7079039025702514e-05,0.001705408445559442,95
,,,,0.2657807469367981,0.0665246993303299,0.39137473702430725,0.01423994917422533,2.5857798391371034e-05,0.0017743142088875175,96
,,,,0.29413944482803345,0.08670441061258316,0.4093046188354492,0.012420120649039745,1.5734989574411884e-05,0.0012760590761899948,97
,,,,0.3012482225894928,0.08640565723180771,0.4248627722263336,0.01579485833644867,2.2968981284066103e-05,0.000681600475218147,98
,,,,0.42868274450302124,0.2088017761707306,0.43599072098731995,0.01396032515913248,1.5803854694240727e-05,0.0004000894841738045,99
0.1386347028100863,0.10926606525770492,0.13719061579089611,0.10762988826673892,0.30454304814338684,0.08705203980207443,0.43169105052948,0.01055363193154335,1.2663962479564361e-05,0.0004854327125940472,100
,,,,0.2831465005874634,0.0741141065955162,0.4144866168498993,0.012609115801751614,1.823425009206403e-05,0.0004310407384764403,101
,,,,0.2990912199020386,0.05677623674273491,0.48040834069252014,0.013133924454450607,8.088047252385877e-06,0.0006604616646654904,102
,,,,0.24127072095870972,0.041414082050323486,0.39502739906311035,0.012636112980544567,1.1211950550205074e-05,0.0008938348619267344,103
,,,,0.2654663324356079,0.056911908090114594,0.4130614995956421,0.014445849694311619,1.4381441360455938e-05,0.0004753995162900537,104
,,,,0.33075034618377686,0.10902094841003418,0.4375084936618805,0.014226581901311874,1.7806489267968573e-05,0.0012848414480686188,105
,,,,0.47142836451530457,0.24066489934921265,0.45623746514320374,0.013727116398513317,1.720765430945903e-05,0.0010513926390558481,106
,,,,0.26123836636543274,0.0745639055967331,0.3646322786808014,0.015244455076754093,2.3039521693135612e-05,0.002350039314478636,107
,,,,0.277322918176651,0.06421815603971481,0.41906893253326416,0.013254464603960514,1.6224588762270287e-05,0.0018625827506184578,108
,,,,0.2736865282058716,0.06311140209436417,0.4180770218372345,0.009635329246520996,6.922591182956239e-06,0.00047411167179234326,109
,,,,0.35327351093292236,0.12155688554048538,0.4587118923664093,0.013524104841053486,2.529529228922911e-05,0.000827592215500772,110
,,,,0.29613134264945984,0.09779084473848343,0.3929920792579651,0.012845962308347225,1.5914849427645095e-05,0.00045858827070333064,111
,,,,0.4355771839618683,0.2015460878610611,0.4631926715373993,0.01314304955303669,1.6373252947232686e-05,0.0009255288750864565,112
,,,,0.37296149134635925,0.1741127073764801,0.3928608298301697,0.012502836994826794,1.6824074918986298e-05,0.0009649998391978443,113
,,,,0.32137665152549744,0.10186467319726944,0.4336499571800232,0.01122340653091669,1.9430623069638386e-05,0.0012941553723067045,114
,,,,0.3686278462409973,0.15169207751750946,0.42813292145729065,0.012736408039927483,1.4653432117484044e-05,0.0013224214781075716,115
,,,,0.2251446396112442,0.0316585972905159,0.3804056644439697,0.014011181890964508,1.7824690075940453e-05,0.0015595043078064919,116
,,,,0.2558794319629669,0.05749891698360443,0.3903859555721283,0.014437620528042316,1.5445411918335594e-05,0.0014454254414886236,117
,,,,0.2821246087551117,0.06527877599000931,0.42891740798950195,0.012393266893923283,1.3325112377060577e-05,0.0009498270810581744,118
,,,,0.44397592544555664,0.2564963698387146,0.3704049587249756,0.013228450901806355,1.2289706319279503e-05,0.000789063866250217,119
,,,,0.2827257513999939,0.1000351756811142,0.36136752367019653,0.012864219956099987,8.490918844472617e-06,0.0005960907437838614,120
,,,,0.3037185072898865,0.1057644709944725,0.3920496106147766,0.013269135728478432,1.2443459127098322e-05,0.0004956996417604387,121
,,,,0.2757400572299957,0.053263865411281586,0.44149884581565857,0.009977764450013638,1.0829872735484969e-05,0.000602080428507179,122
,,,,0.3428613543510437,0.13832630217075348,0.4042149782180786,0.012876680120825768,1.828894528443925e-05,0.0009407683974131942,123
,,,,0.2560245394706726,0.0506400428712368,0.40493038296699524,0.012150648050010204,1.1354166417731903e-05,0.0014145260211080313,124
,,,,0.3352246880531311,0.12816761434078217,0.40939199924468994,0.012477600015699863,1.1422128409321886e-05,0.0009220640058629215,125
,,,,0.25751811265945435,0.04760849475860596,0.414701372385025,0.013205588795244694,1.5161701412580442e-05,0.0010243954602628946,126
,,,,0.2667026221752167,0.07383468747138977,0.3795446753501892,0.012439670972526073,1.8699656720855273e-05,0.0015336513752117753,127
,,,,0.24898941814899445,0.06444016844034195,0.36319103837013245,0.012278440408408642,1.5320914826588705e-05,0.0014305710792541504,128
,,,,0.27715983986854553,0.05271260440349579,0.4444471001625061,0.011757100000977516,1.1556522622413468e-05,0.0008675462449900806,129
,,,,0.2971208393573761,0.08924078941345215,0.41303035616874695,0.010303443297743797,1.0927130460913759e-05,0.0002732936409302056,130
,,,,0.37376537919044495,0.1656181812286377,0.41119617223739624,0.013158014044165611,1.4583004485757556e-05,0.0010204855352640152,131
,,,,0.3578375577926636,0.1297205239534378,0.45263350009918213,0.012332714162766933,1.0734591342043132e-05,0.00046712555922567844,132
,,,,0.2897770404815674,0.08626265078783035,0.4028528928756714,0.011852285824716091,1.1309695764794014e-05,0.0007466055103577673,133
,,,,0.5021878480911255,0.2949885129928589,0.40977004170417786,0.011607866734266281,1.6065485397120938e-05,0.0009532314725220203,134
,,,,0.31944039463996887,0.0938415378332138,0.44389966130256653,0.012646633200347424,2.296214734087698e-05,0.001975475810468197,135
,,,,0.3602983355522156,0.16490310430526733,0.3854272961616516,0.010562058538198471,1.4262996955949347e-05,0.001347354263998568,136
,,,,0.3535703718662262,0.17926684021949768,0.34415745735168457,0.013398326933383942,1.4252129403757863e-05,0.0007303530001081526,137
,,,,0.31512221693992615,0.1103217676281929,0.40477535128593445,0.011935416609048843,1.2845771379943471e-05,0.001009592437185347,138
,,,,0.21342585980892181,0.04945885390043259,0.32488155364990234,0.012718782760202885,5.8354066823085304e-06,0.0002090484631480649,139
,,,,0.40730008482933044,0.1958133429288864,0.42002740502357483,0.010036847554147243,1.0768260835902765e-05,0.0003857366682495922,140
,,,,0.29039114713668823,0.06546896696090698,0.4450148344039917,0.011237814091145992,1.550677370687481e-05,0.0010680574923753738,141
,,,,0.3142488896846771,0.09721583873033524,0.43135106563568115,0.009580559097230434,5.3140784075367264e-06,0.00033022917341440916,142
,,,,0.33482176065444946,0.14645646512508392,0.37061354517936707,0.011887921020388603,1.6028036043280736e-05,0.0015501101734116673,143
,,,,0.2720354199409485,0.08977549523115158,0.36015623807907104,0.011491275392472744,1.1393645763746463e-05,0.0008548824698664248,144
,,,,0.37266409397125244,0.17667736113071442,0.3873765170574188,0.010778803378343582,1.3498638509190641e-05,0.0010103908134624362,145
,,,,0.2846509516239166,0.07455430179834366,0.41459378600120544,0.012421428225934505,2.3363081709248945e-05,0.0012863479787483811,146
,,,,0.4452002942562103,0.2495981603860855,0.3854855000972748,0.01106459554284811,2.2816253476776183e-05,0.0014493715716525912,147
,,,,0.41264116764068604,0.20847547054290771,0.40279704332351685,0.012949073687195778,2.0023941033286974e-05,0.0012168906396254897,148
,,,,0.2606664001941681,0.0804758071899414,0.3520219624042511,0.011554437689483166,2.31340090977028e-05,0.002508578822016716,149
,,,,0.38962313532829285,0.1887141615152359,0.39600878953933716,0.010972890071570873,1.3912008398619946e-05,0.0014991351636126637,150
,,,,0.3167484402656555,0.10419589281082153,0.422061949968338,0.010139797814190388,7.4674735515145585e-06,0.0004192496999166906,151
,,,,0.2845273017883301,0.08801684528589249,0.3893134295940399,0.010471535846590996,7.486623417207738e-06,0.0006684072432108223,152
,,,,0.4640779197216034,0.24053703248500824,0.441295862197876,0.011500573717057705,1.4303785064839758e-05,0.0014452479081228375,153
,,,,0.28257662057876587,0.08171974867582321,0.3976864516735077,0.010160361416637897,1.4839441064395942e-05,0.0008239045855589211,154
,,,,0.3654988706111908,0.14973823726177216,0.4252448081970215,0.011302595026791096,1.520234491181327e-05,0.0016657249070703983,155
,,,,0.28184714913368225,0.06452887505292892,0.4287491738796234,0.010918800719082355,1.3622243386635091e-05,0.0015363814309239388,156
,,,,0.24567173421382904,0.05193499103188515,0.3812342882156372,0.011480847373604774,2.0695610146503896e-05,0.0016325776232406497,157
,,,,0.4108445346355438,0.16213823854923248,0.48917874693870544,0.01029940601438284,3.223192106815986e-05,0.002556382678449154,158
,,,,0.2754972279071808,0.09547571837902069,0.35248851776123047,0.013083988800644875,1.9613451513578184e-05,0.0020475704222917557,159
,,,,0.26338398456573486,0.07987184077501297,0.3622106909751892,0.010956797748804092,1.1891597750945948e-05,0.0010866483207792044,160
,,,,0.4953863322734833,0.26293113827705383,0.4605805277824402,0.009811082854866982,1.1568033187359106e-05,0.00098071014508605,161
,,,,0.4196094870567322,0.1968855857849121,0.4413364827632904,0.010845650918781757,1.2976884136151057e-05,0.0008027590811252594,162
,,,,0.3201952576637268,0.09986160695552826,0.4350995421409607,0.011632445268332958,1.4959594409447163e-05,0.0013430619146674871,163
,,,,0.2987236976623535,0.1036045104265213,0.38539448380470276,0.011397192254662514,1.5933286704239435e-05,0.0010605445131659508,164
,,,,0.2672925591468811,0.04534279555082321,0.4379306733608246,0.010748856700956821,1.601312578713987e-05,0.001583289704285562,165
,,,,0.22764217853546143,0.03516285493969917,0.3765827417373657,0.01202933955937624,2.603837856440805e-05,0.0024744912516325712,166
,,,,0.25446027517318726,0.060015708208084106,0.3837614059448242,0.01122672762721777,1.5227475159917958e-05,0.0011933768400922418,167
,,,,0.2942114472389221,0.06346431374549866,0.45552337169647217,0.013429589569568634,2.1659714548150077e-05,0.0013579196529462934,168
,,,,0.3126372992992401,0.08671613037586212,0.4468841850757599,0.010573838837444782,1.6717238395358436e-05,0.0011763895163312554,169
,,,,0.2808915376663208,0.0849822461605072,0.3859032392501831,0.010667418129742146,1.4366178220370784e-05,0.0015685742255300283,170
,,,,0.49091997742652893,0.26443031430244446,0.4484105408191681,0.009602554142475128,1.3190790014050435e-05,0.0010968202259391546,171
,,,,0.3366478979587555,0.10591751337051392,0.4562687575817108,0.010914330370724201,1.4686193026136607e-05,0.0012464738683775067,172
,,,,0.2781098186969757,0.07564156502485275,0.4001263976097107,0.010484120808541775,1.4056049622013234e-05,0.0011234893463551998,173
,,,,0.261945515871048,0.05476221814751625,0.41115251183509827,0.00960161816328764,8.915186299418565e-06,0.0005346048274077475,174
,,,,0.24399137496948242,0.06460721790790558,0.35260331630706787,0.011196671985089779,2.263707938254811e-05,0.0016243724385276437,175
,,,,0.31787657737731934,0.09428206831216812,0.4413236081600189,0.010221469216048717,1.5096680726855993e-05,0.0015845771413296461,176
,,,,0.31775838136672974,0.1176423653960228,0.3954814374446869,0.009980674833059311,1.1288087080174591e-05,0.001142036635428667,177
,,,,0.26584842801094055,0.04307723045349121,0.4403703510761261,0.010256967507302761,1.4792315596423578e-05,0.001292864908464253,178
,,,,0.34302812814712524,0.10564233362674713,0.4710541069507599,0.010675963014364243,8.642356988275424e-06,0.0006549471290782094,179
,,,,0.42041683197021484,0.17721964418888092,0.48015838861465454,0.01105966791510582,1.668597360549029e-05,0.001668339129537344,180
,,,,0.33920472860336304,0.1600765585899353,0.3553958237171173,0.007986670359969139,5.438414063974051e-06,0.000523602357134223,181
,,,,0.4829879701137543,0.2680624723434448,0.4276615381240845,0.008204981684684753,4.841376266995212e-06,0.00022613235341850668,182
,,,,0.28215649724006653,0.09934573620557785,0.36191704869270325,0.01028576772660017,1.170704035757808e-05,0.0006805215962231159,183
,,,,0.33628061413764954,0.10269726812839508,0.46291983127593994,0.010249665938317776,1.811852962418925e-05,0.0009063343168236315,184
,,,,0.31855303049087524,0.09570660442113876,0.4399712383747101,0.011117024347186089,2.1514591935556382e-05,0.0014468091540038586,185
,,,,0.5629409551620483,0.32986119389533997,0.45833146572113037,0.010082555934786797,2.694925933610648e-05,0.0024079729337245226,186
,,,,0.27265769243240356,0.06742142140865326,0.4055417478084564,0.01016309019178152,1.7599180864635855e-05,0.0011987632606178522,187
,,,,0.2347429096698761,0.05260312557220459,0.3599245548248291,0.010422307066619396,1.0924652087851427e-05,0.0009406029130332172,188
,,,,0.3701089024543762,0.1419396698474884,0.4521895945072174,0.009995474480092525,1.0192381523665972e-05,0.000890654802788049,189
,,,,0.2766071557998657,0.07521156221628189,0.3974286615848541,0.010564425960183144,1.6609095837338828e-05,0.0013457060558721423,190
,,,,0.2998438775539398,0.07940997928380966,0.4371587038040161,0.009621161967515945,8.944107321440242e-06,0.00073921715375036,191
,,,,0.31507954001426697,0.1074971854686737,0.41103288531303406,0.009917309507727623,1.2064667316735722e-05,0.0008891014731489122,192
,,,,0.32728084921836853,0.13276465237140656,0.38444140553474426,0.010937180370092392,1.0946106158371549e-05,0.0009959955932572484,193
,,,,0.38971227407455444,0.1743198037147522,0.4268813729286194,0.010581576265394688,1.085342955775559e-05,0.0007392591214738786,194
,,,,0.3056289851665497,0.09658696502447128,0.41460251808166504,0.010001031681895256,6.762671091564698e-06,0.0006138237658888102,195
,,,,0.35228249430656433,0.1393897980451584,0.42096081376075745,0.010610472410917282,1.3720946299144998e-05,0.0011191829107701778,196
,,,,0.30603304505348206,0.10734207183122635,0.393403559923172,0.009931216016411781,1.0950639079965185e-05,0.0008245781064033508,197
,,,,0.30718880891799927,0.07439398020505905,0.460745245218277,0.009352858178317547,1.3061608115094714e-05,0.0012325671268627048,198
,,,,0.34019678831100464,0.1243302971124649,0.42830678820610046,0.010107135400176048,1.2103215340175666e-05,0.0005792539450339973,199
0.1386347028100863,0.10926606525770492,0.13683361301198602,0.10726786764959494,0.3325568437576294,0.1300712525844574,0.40160056948661804,0.008805828168988228,7.712340448051691e-06,0.0006667551933787763,200
,,,,0.25717979669570923,0.061189040541648865,0.38708847761154175,0.010066228918731213,2.0470817617024295e-05,0.0011896725045517087,201
,,,,0.26015451550483704,0.050069332122802734,0.4146575331687927,0.009717914275825024,1.5247404917317908e-05,0.001479570404626429,202
,,,,0.34778961539268494,0.1144891232252121,0.4600776135921478,0.009552291594445705,1.9931465431000106e-05,0.0019120941869914532,203
,,,,0.31441617012023926,0.1097709983587265,0.40508800745010376,0.009655267000198364,1.3612784641736653e-05,0.0009395414381287992,204
,,,,0.23515237867832184,0.04796646162867546,0.3693098723888397,0.012437301687896252,1.4084991562413052e-05,0.0010656635276973248,205
,,,,0.24123671650886536,0.0475032702088356,0.38293561339378357,0.008996089920401573,1.1488048585306387e-05,0.0011326103704050183,206
,,,,0.4499092698097229,0.24384409189224243,0.4075331389904022,0.009853843599557877,1.545078157505486e-05,0.001086619682610035,207
,,,,0.36782097816467285,0.17197272181510925,0.3870699405670166,0.011288226582109928,1.56825699377805e-05,0.0009792179334908724,208
,,,,0.2768288254737854,0.05592823773622513,0.436099648475647,0.01006051804870367,1.7155876776087098e-05,0.001528686610981822,209
,,,,0.26918211579322815,0.04795927181839943,0.4388558566570282,0.009497291408479214,7.324229045480024e-06,0.0007006461382843554,210
,,,,0.3389294743537903,0.12061046063899994,0.4335283935070038,0.009106836281716824,7.367734724539332e-06,0.0005331014399416745,211
,,,,0.27092066407203674,0.07356750965118408,0.3896813988685608,0.010389273054897785,1.4967026800150052e-05,0.001220443518832326,212
,,,,0.31833526492118835,0.10095328837633133,0.43097010254859924,0.009233898483216763,8.01683563622646e-06,0.0008072671480476856,213
,,,,0.3018791377544403,0.08610955625772476,0.4265144467353821,0.009507332928478718,1.163374963653041e-05,0.001295532681979239,214
,,,,0.3052949607372284,0.10137367248535156,0.40418741106987,0.009741881862282753,7.501707841583993e-06,0.0007074226741679013,215
,,,,0.4337266981601715,0.19149702787399292,0.48075929284095764,0.008851583115756512,1.2355751096038148e-05,0.0007978886133059859,216
,,,,0.26560917496681213,0.052052292972803116,0.4231756329536438,0.009841306135058403,8.35003265819978e-06,0.0008166061015799642,217
,,,,0.49749383330345154,0.2991924285888672,0.391718327999115,0.011342713609337807,1.4800090866629034e-05,0.0010825584176927805,218
,,,,0.24712160229682922,0.05927491933107376,0.3704542815685272,0.009183128364384174,1.439235347788781e-05,0.0014104911824688315,219
,,,,0.39235612750053406,0.17944808304309845,0.4223240315914154,0.008713419549167156,1.0686726454878226e-05,0.0007235785014927387,220
,,,,0.34417667984962463,0.1372787207365036,0.4101252257823944,0.008758527226746082,1.2195949238957837e-05,0.0007934688474051654,221
,,,,0.2971152663230896,0.10958663374185562,0.3721398115158081,0.0075988322496414185,8.864559276844375e-06,0.0005779560888186097,222
,,,,0.5094113349914551,0.28785353899002075,0.4385172426700592,0.009697537869215012,1.4461721548286732e-05,0.001100633293390274,223
,,,,0.4409733712673187,0.21386998891830444,0.4471556842327118,0.009703894145786762,1.883651566458866e-05,0.0021198613103479147,224
,,,,0.37094104290008545,0.16491447389125824,0.407961368560791,0.00978646706789732,1.0633851161401253e-05,0.0008840329828672111,225
,,,,0.3168948292732239,0.10592813789844513,0.41868650913238525,0.009080911055207253,6.048529030522332e-06,0.0005931120249442756,226
,,,,0.25827836990356445,0.06024746969342232,0.39127016067504883,0.010099796578288078,1.4415283658308908e-05,0.0011476753279566765,227
,,,,0.3314414620399475,0.13374653458595276,0.3918604850769043,0.009056402370333672,9.74202157522086e-06,0.0007110230508260429,228
,,,,0.33547651767730713,0.11874081194400787,0.4291897118091583,0.008964180946350098,1.3704689990845509e-05,0.0010301661677658558,229
,,,,0.3028729557991028,0.10501012206077576,0.3917238712310791,0.008442285470664501,1.5262194210663438e-05,0.0009562467457726598,230
,,,,0.28156572580337524,0.07705621421337128,0.4046902656555176,0.01001792587339878,1.4170791473588906e-05,0.0009617358446121216,231
,,,,0.2629307806491852,0.08420755714178085,0.3534650206565857,0.009387815371155739,1.3075604329060297e-05,0.0008700833423063159,232
,,,,0.3176034986972809,0.12928399443626404,0.37310048937797546,0.009258389472961426,8.756764145800844e-06,0.0006984638748690486,233
,,,,0.25034424662590027,0.07039590179920197,0.35601675510406494,0.009184762835502625,1.1195776096428744e-05,0.0008456471841782331,234
,,,,0.3762337565422058,0.16794995963573456,0.4140704572200775,0.008354047313332558,6.169394509925041e-06,0.00034122171928174794,235
,,,,0.29731646180152893,0.09690068662166595,0.39709851145744324,0.00833295937627554,8.563111805415247e-06,0.0008567344048060477,236
,,,,0.3240581750869751,0.12271920591592789,0.39755678176879883,0.010062667541205883,1.450257514079567e-05,0.0012880020076408982,237
,,,,0.2560199797153473,0.05994792655110359,0.38654133677482605,0.009818598628044128,1.4137627658783458e-05,0.001509202062152326,238
,,,,0.2863481342792511,0.08058387041091919,0.40644627809524536,0.008181530982255936,1.6386631614295766e-05,0.0014276040019467473,239
,,,,0.357928067445755,0.14937925338745117,0.41014161705970764,0.009096262976527214,2.140960714314133e-05,0.0021296117920428514,240
,,,,0.37527063488960266,0.16802851855754852,0.4061471223831177,0.01062708254903555,2.396975105511956e-05,0.0025762030854821205,241
,,,,0.3788664638996124,0.1619412750005722,0.42915213108062744,0.010007722303271294,1.0931360520771705e-05,0.0011181692825630307,242
,,,,0.26000478863716125,0.06697417050600052,0.38078492879867554,0.010067056864500046,1.3488450349541381e-05,0.001352805644273758,243
,,,,0.22015462815761566,0.05301671847701073,0.3307684361934662,0.009146756492555141,8.804719982435927e-06,0.0006947762449271977,244
,,,,0.31824928522109985,0.09011534601449966,0.44877830147743225,0.009918495081365108,2.0967079763067886e-05,0.0022836297284811735,245
,,,,0.366971492767334,0.15275506675243378,0.421352744102478,0.009611804969608784,1.7615733668208122e-05,0.002140259137377143,246
,,,,0.26162269711494446,0.052681777626276016,0.4145475924015045,0.007511740084737539,9.610137567506172e-06,0.0007584787090308964,247
,,,,0.279821515083313,0.06620508432388306,0.42016324400901794,0.009013387374579906,1.8691938748816028e-05,0.00218522222712636,248
,,,,0.37328216433525085,0.15992043912410736,0.4213730990886688,0.008233360946178436,1.2338559827185236e-05,0.0015370153123512864,249
,,,,0.308639258146286,0.08663009107112885,0.43852171301841736,0.010337844491004944,2.0047538782819174e-05,0.0014187523629516363,250
,,,,0.27837935090065,0.08182636648416519,0.38679420948028564,0.009854848496615887,2.3248547222465277e-05,0.001797050703316927,251
,,,,0.24903468787670135,0.06456438452005386,0.36290231347084045,0.008843336254358292,1.8877817637985572e-05,0.001769560156390071,252
,,,,0.2564604580402374,0.052373066544532776,0.40327945351600647,0.008088330738246441,1.4504337741527706e-05,0.001358437817543745,253
,,,,0.4093042314052582,0.19939088821411133,0.41448813676834106,0.00878838449716568,1.2657568731810898e-05,0.0014857061905786395,254
,,,,0.2849150002002716,0.0891500785946846,0.38905125856399536,0.007166908588260412,6.348080205498263e-06,0.0004323358880355954,255
,,,,0.2628310024738312,0.06400398164987564,0.39330822229385376,0.009677400812506676,1.2915685147163458e-05,0.0009978578891605139,256
,,,,0.5008434057235718,0.286846399307251,0.42542973160743713,0.008372286334633827,8.524953955202363e-06,0.0003665226686280221,257
,,,,0.2811572253704071,0.07652276754379272,0.4050280451774597,0.009404579177498817,1.16481078293873e-05,0.000977466581389308,258
,,,,0.29286929965019226,0.08542750030755997,0.40936794877052307,0.0089177330955863,1.20829699881142e-05,0.0015489895595237613,259
,,,,0.2526889741420746,0.06805156916379929,0.3659439980983734,0.009306371212005615,1.1197094863746315e-05,0.000606701010838151,260
,,,,0.4232464134693146,0.24163179099559784,0.35929203033447266,0.0084577901288867,1.2891185178887099e-05,0.0009292334434576333,261
,,,,0.39567646384239197,0.21266113221645355,0.3628690540790558,0.008470207452774048,7.801241736160591e-06,0.0006076002027839422,262
,,,,0.39060404896736145,0.17762362957000732,0.4213384985923767,0.007124173454940319,1.3936580216977745e-05,0.0013253127690404654,263
,,,,0.3131856918334961,0.11719179898500443,0.38454508781433105,0.008996820077300072,2.282476270920597e-05,0.002339977538213134,264
,,,,0.23774990439414978,0.04217979311943054,0.38431552052497864,0.008285310119390488,1.8508128050598316e-05,0.0021439215634018183,265
,,,,0.40882304310798645,0.19043077528476715,0.4316105246543884,0.007708502467721701,1.3255684280011337e-05,0.0015068560605868697,266
,,,,0.4150640666484833,0.2031964659690857,0.41934555768966675,0.008523118682205677,1.1261085091973655e-05,0.0011131374631077051,267
,,,,0.35000935196876526,0.11873135715723038,0.45927828550338745,0.008561897091567516,8.08173899713438e-06,0.0006481900927610695,268
,,,,0.24789004027843475,0.05432828888297081,0.3840322494506836,0.008590915240347385,1.1783027730416507e-05,0.0005662095500156283,269
,,,,0.29672884941101074,0.10781337320804596,0.3729652762413025,0.008292010985314846,1.6906347809708677e-05,0.0013279278064146638,270
,,,,0.33796390891075134,0.12075584381818771,0.42986899614334106,0.008977887220680714,1.21528901217971e-05,0.0011404112447053194,271
,,,,0.23867852985858917,0.05314198136329651,0.36687448620796204,0.008194255642592907,1.102401984098833e-05,0.0010610459139570594,272
,,,,0.3790733814239502,0.18328917026519775,0.38555973768234253,0.008818010799586773,1.67311227414757e-05,0.0017604115419089794,273
,,,,0.23654374480247498,0.06471969187259674,0.33943137526512146,0.0084772277623415,1.390390025335364e-05,0.0010435690637677908,274
,,,,0.26312121748924255,0.0649387538433075,0.3913067579269409,0.009176075458526611,1.5141275071073323e-05,0.0013353296089917421,275
,,,,0.236413836479187,0.045525576919317245,0.3752768635749817,0.008681055158376694,1.963622162293177e-05,0.001974936807528138,276
,,,,0.3787073791027069,0.17534130811691284,0.4011436104774475,0.010176521725952625,2.1283525711623952e-05,0.0014698472805321217,277
,,,,0.28890281915664673,0.06911366432905197,0.43665629625320435,0.00792007427662611,6.221536295925034e-06,0.0005543944425880909,278
,,,,0.2508930563926697,0.0727691650390625,0.3524552881717682,0.008291900157928467,8.415017873630859e-06,0.0008850120357237756,279
,,,,0.44629544019699097,0.23567676544189453,0.4191920757293701,0.007971561513841152,5.9084595704916865e-06,0.00018493055540602654,280
,,,,0.47459647059440613,0.2553904056549072,0.4340919852256775,0.008504262194037437,1.164277819043491e-05,0.0010855511063709855,281
,,,,0.43281930685043335,0.2350427359342575,0.39248204231262207,0.007420171983540058,7.246145742101362e-06,0.0006576619343832135,282
,,,,0.5821053385734558,0.33746156096458435,0.4856554865837097,0.009255940094590187,1.0487867257324979e-05,0.0007367762154899538,283
,,,,0.3651236295700073,0.15279939770698547,0.4216734766960144,0.0074632191099226475,7.683525836910121e-06,0.0006138220196589828,284
,,,,0.3734334707260132,0.15653759241104126,0.4307965934276581,0.007536458317190409,9.05226988834329e-06,0.0006154435686767101,285
,,,,0.4681015908718109,0.23717375099658966,0.4574422836303711,0.0072168526239693165,1.1561419341887813e-05,0.0012317197397351265,286
,,,,0.3524447977542877,0.1384844183921814,0.4215880334377289,0.008222745731472969,1.982015965040773e-05,0.001943497802130878,287
,,,,0.3061758875846863,0.10377548635005951,0.3989717960357666,0.008423286490142345,1.5280536899808794e-05,0.0017191726947203279,288
,,,,0.24721446633338928,0.03898227587342262,0.41112783551216125,0.00965180154889822,1.8479799109627493e-05,0.0014100064290687442,289
,,,,0.29527077078819275,0.1015378087759018,0.3803769648075104,0.011187637224793434,1.8777707737172022e-05,0.0020120490808039904,290
,,,,0.28059595823287964,0.06531160324811935,0.4262816905975342,0.007620086893439293,1.1575219104997814e-05,0.0011454521445557475,291
,,,,0.3743470311164856,0.12430669367313385,0.49246034026145935,0.00887923315167427,2.0504876374616288e-05,0.002424931852146983,292
,,,,0.3010931611061096,0.12736110389232635,0.34352144598960876,0.007925634272396564,9.664517165219877e-06,0.0009774802019819617,293
,,,,0.3016824722290039,0.08058808743953705,0.43691590428352356,0.008571582846343517,1.5101350982149597e-05,0.001475198077969253,294
,,,,0.28080394864082336,0.0703006461262703,0.41678693890571594,0.00777064636349678,9.016184776555747e-06,0.0011061410186812282,295
,,,,0.2799176871776581,0.08694294095039368,0.3818603754043579,0.008448014035820961,1.11453773570247e-05,0.000994218629784882,296
,,,,0.24168843030929565,0.042555712163448334,0.39080092310905457,0.00874211173504591,2.0330053303041495e-05,0.002371548442170024,297
,,,,0.26935142278671265,0.0692414790391922,0.39514923095703125,0.007685279473662376,1.398828135279473e-05,0.0014653393300250173,298
,,,,0.23061363399028778,0.040312137454748154,0.3766452670097351,0.008787906728684902,7.790862582623959e-06,0.0009128269739449024,299
0.1386347028100863,0.10926606525770492,0.13693556520156563,0.10742474456007282,0.2847687005996704,0.08289746940135956,0.40106236934661865,0.008346852846443653,6.699696314171888e-06,0.0004177890077698976,300
,,,,0.26151496171951294,0.057932425290346146,0.4042104482650757,0.008003798313438892,7.631751032022294e-06,0.000560299027711153,301
,,,,0.27907130122184753,0.08066482841968536,0.39387497305870056,0.007607168052345514,6.09680046181893e-06,0.0005871895118616521,302
,,,,0.3483780026435852,0.1293812096118927,0.43456730246543884,0.008160943165421486,7.766177077428438e-06,0.0007436539162881672,303
,,,,0.34131893515586853,0.1502431184053421,0.377163827419281,0.00879331398755312,1.4595726497645956e-05,0.0013381876051425934,304
,,,,0.36036133766174316,0.1570071130990982,0.40408748388290405,0.007964272983372211,8.744051228859462e-06,0.00042401193059049547,305
,,,,0.2656397223472595,0.06507999449968338,0.3972513675689697,0.008452029898762703,1.0342205314373132e-05,0.0009022027370519936,306
,,,,0.34759122133255005,0.15878261625766754,0.37345054745674133,0.008568687364459038,1.4851425476081204e-05,0.0010146374115720391,307
,,,,0.2703717052936554,0.07888970524072647,0.3789045214653015,0.009635411202907562,1.1586433174670674e-05,0.0008827181882224977,308
,,,,0.40546682476997375,0.19667069613933563,0.4124068021774292,0.008371482603251934,1.4935501894797198e-05,0.0014555235393345356,309
,,,,0.5172473788261414,0.28822940587997437,0.45218849182128906,0.008435389958322048,1.659422559896484e-05,0.0017252049874514341,310
,,,,0.37663987278938293,0.1797085851430893,0.38641947507858276,0.009045986458659172,2.0988223695894703e-05,0.0023369586560875177,311
,,,,0.35512539744377136,0.14909616112709045,0.4061723053455353,0.007779253181070089,1.7435122572351247e-05,0.0017955645453184843,312
,,,,0.5185516476631165,0.29623717069625854,0.44089990854263306,0.007990056648850441,1.589003295521252e-05,0.0008800224168226123,313
,,,,0.3772279620170593,0.17460693418979645,0.4021092653274536,0.008605738170444965,1.396821880916832e-05,0.0005812185700051486,314
,,,,0.3404499590396881,0.12162396311759949,0.43456390500068665,0.008360872976481915,1.0623460184433497e-05,0.0005846547428518534,315
,,,,0.37575769424438477,0.17273294925689697,0.4020310044288635,0.009345872327685356,1.021690695779398e-05,0.0008904380956664681,316
,,,,0.3853381872177124,0.16884826123714447,0.42949509620666504,0.00755728967487812,7.925145837361924e-06,0.0008182400488294661,317
,,,,0.32024863362312317,0.09860490262508392,0.4382213056087494,0.008340787142515182,1.7346188542433083e-05,0.0014071585610508919,318
,,,,0.3130730092525482,0.09787547588348389,0.42765921354293823,0.006824157200753689,1.038334630720783e-05,0.000566068512853235,319
,,,,0.48763251304626465,0.2726745903491974,0.42629384994506836,0.007532710675150156,1.2072096978954505e-05,0.000875399389769882,320
,,,,0.4546832740306854,0.2493351250886917,0.4069628417491913,0.00727752223610878,1.0140980521100573e-05,0.0009440790745429695,321
,,,,0.35930711030960083,0.1473017930984497,0.42052143812179565,0.007750817108899355,1.107440039049834e-05,0.0008024056442081928,322
,,,,0.4314146935939789,0.2391565889120102,0.3811461627483368,0.007809196133166552,9.938448783941567e-06,0.0007484491798095405,323
,,,,0.23574130237102509,0.06171617656946182,0.34457921981811523,0.006605605129152536,1.1648573490674607e-05,0.0008899811655282974,324
,,,,0.31809571385383606,0.12741942703723907,0.3782441020011902,0.006997914053499699,9.348303137812763e-06,0.0007073867018334568,325
,,,,0.2889016270637512,0.08115976303815842,0.41222551465034485,0.007123705931007862,6.287401447480079e-06,0.0007608092273585498,326
,,,,0.22031643986701965,0.03601442277431488,0.36511996388435364,0.008132688701152802,8.270113539765589e-06,0.0007698326953686774,327
,,,,0.22238242626190186,0.039423856884241104,0.362669438123703,0.0073563759215176105,8.180539225577377e-06,0.0007360815070569515,328
,,,,0.5867493748664856,0.3833599090576172,0.4017340838909149,0.009820668958127499,1.3864028005627915e-05,0.001276727649383247,329
,,,,0.22865498065948486,0.03599518910050392,0.3782450556755066,0.007895229384303093,1.9359604266355745e-05,0.0022801097948104143,330
,,,,0.2179446667432785,0.04507433623075485,0.34185537695884705,0.007585485465824604,1.113143480324652e-05,0.000981189776211977,331
,,,,0.43608614802360535,0.23219384253025055,0.40135717391967773,0.009075778536498547,2.2235220967559144e-05,0.0019106799736618996,332
,,,,0.41555580496788025,0.22004038095474243,0.3859226703643799,0.008967898786067963,1.3435417713481002e-05,0.0013743778690695763,333
,,,,0.45562636852264404,0.22262439131736755,0.46334755420684814,0.007869038730859756,5.863049409526866e-06,0.00044816918671131134,334
,,,,0.25889745354652405,0.07136636972427368,0.37190550565719604,0.008096881210803986,7.60800276111695e-06,0.0006367071182467043,335
,,,,0.35934704542160034,0.1384759545326233,0.43906262516975403,0.006866279989480972,5.351910658646375e-06,0.0005416380008682609,336
,,,,0.35591599345207214,0.16916224360466003,0.3705003261566162,0.007403844967484474,8.869461453286931e-06,0.0006315813516266644,337
,,,,0.3371356725692749,0.1030770093202591,0.464375376701355,0.007710278034210205,9.912967470881995e-06,0.0009116735309362411,338
,,,,0.3344980776309967,0.12665484845638275,0.4114684760570526,0.007961495779454708,1.296733353228774e-05,0.0010875662555918097,339
,,,,0.28402137756347656,0.058504197746515274,0.44522789120674133,0.008099137805402279,1.3298837075126357e-05,0.0017377863405272365,340
,,,,0.3400270938873291,0.11049038916826248,0.455968976020813,0.0072564296424388885,7.663402357138693e-06,0.0006849776254966855,341
,,,,0.3526743948459625,0.1428767293691635,0.4160432517528534,0.006550384685397148,9.294489245803561e-06,0.0009295175550505519,342
,,,,0.3639557957649231,0.15649937093257904,0.40980809926986694,0.007680674083530903,1.33009625642444e-05,0.0014802793739363551,343
,,,,0.2959902286529541,0.09614159911870956,0.39507579803466797,0.008162742480635643,1.4414397810469382e-05,0.001238157507032156,344
,,,,0.2867722809314728,0.08561204373836517,0.39934003353118896,0.00680141057819128,8.319206244777888e-06,0.0006708992295898497,345
,,,,0.2985087037086487,0.10736096650362015,0.37932252883911133,0.007633733097463846,8.499970135744661e-06,0.000598316837567836,346
,,,,0.2974006235599518,0.1243814006447792,0.3424217402935028,0.007889150641858578,1.129765860241605e-05,0.000843867426738143,347
,,,,0.3464619815349579,0.12758712470531464,0.4323834180831909,0.008186347782611847,1.346679164271336e-05,0.0015470180660486221,348
,,,,0.23589695990085602,0.047221940010786057,0.3750818967819214,0.006664101965725422,4.942011400999036e-06,0.0003872498054988682,349
,,,,0.417034775018692,0.207587331533432,0.41438791155815125,0.007785896770656109,1.1858201105496846e-05,0.0012231575092300773,350
,,,,0.24657590687274933,0.05915728211402893,0.36988508701324463,0.007220496889203787,1.3299024431034923e-05,0.0014550407649949193,351
,,,,0.39179879426956177,0.1830873191356659,0.4144042432308197,0.006682415492832661,8.11615518614417e-06,0.0006968602538108826,352
,,,,0.258707731962204,0.0586979053914547,0.39573851227760315,0.00788347702473402,1.1466247087810189e-05,0.0011211206438019872,353
,,,,0.2067200094461441,0.04970002919435501,0.3102720081806183,0.00784312840551138,7.996430213097483e-06,0.0009123938507400453,354
,,,,0.37239018082618713,0.18092912435531616,0.38020631670951843,0.00684582581743598,7.479452960978961e-06,0.0005573356174863875,355
,,,,0.368537962436676,0.16122551262378693,0.41021376848220825,0.007886363193392754,1.3918629520048853e-05,0.0011738117318600416,356
,,,,0.2934863865375519,0.08613356202840805,0.40993639826774597,0.008331306278705597,1.5937046555336565e-05,0.0012849399354308844,357
,,,,0.2830120027065277,0.08507885783910751,0.39267635345458984,0.007747817784547806,8.538276233593933e-06,0.0006792142521589994,358
,,,,0.21498045325279236,0.03732513636350632,0.3505373001098633,0.007483464665710926,1.1088624887634069e-05,0.0013597202487289906,359
,,,,0.3874083161354065,0.1857849806547165,0.4012630581855774,0.0062574660405516624,4.804313903150614e-06,0.0003026384219992906,360
,,,,0.3936097323894501,0.18974146246910095,0.40438857674598694,0.007406916469335556,9.724622941575944e-06,0.0007728786440566182,361
,,,,0.3389902114868164,0.147227481007576,0.3808628022670746,0.007700792048126459,6.677689270873088e-06,0.0004643422143999487,362
,,,,0.32933974266052246,0.12606973946094513,0.4031207859516144,0.007310418412089348,9.150295227300376e-06,0.0008109086775220931,363
,,,,0.25019946694374084,0.04427830129861832,0.4088415503501892,0.006971355527639389,7.417726919811685e-06,0.0006656659534201026,364
,,,,0.2669934630393982,0.06111597269773483,0.40779736638069153,0.007265389431267977,1.4927953088772483e-05,0.0010360786691308022,365
,,,,0.290529727935791,0.06351839005947113,0.44984984397888184,0.007435644511133432,1.1001669918186963e-05,0.0011135515524074435,366
,,,,0.34938591718673706,0.1551952362060547,0.38444069027900696,0.006586266681551933,1.4571398423868231e-05,0.0010858039604499936,367
,,,,0.2286592274904251,0.03392238914966583,0.3862282931804657,0.006743842735886574,6.6117095229856204e-06,0.0007869578548707068,368
,,,,0.4698227047920227,0.270040363073349,0.3954596519470215,0.0067339991219341755,1.1475567589513958e-05,0.0011435258202254772,369
,,,,0.28181618452072144,0.10521537065505981,0.3491435647010803,0.0075516728684306145,1.0485971870366484e-05,0.001056311884894967,370
,,,,0.24090290069580078,0.05230880156159401,0.37285491824150085,0.007749463431537151,1.1339004231558647e-05,0.0011540713021531701,371
,,,,0.3303009867668152,0.12357913702726364,0.41052961349487305,0.007257365621626377,8.720954610907938e-06,0.000605070439632982,372
,,,,0.3267270624637604,0.11629566550254822,0.4178154766559601,0.006637957878410816,9.50651246967027e-06,0.0007117955829016864,373
,,,,0.37562501430511475,0.16480804979801178,0.41744616627693176,0.007298572920262814,1.4873758118483238e-05,0.0011292514391243458,374
,,,,0.23960982263088226,0.06316378712654114,0.3500489592552185,0.006448523607105017,5.816265456815017e-06,0.0006443567690439522,375
,,,,0.31092754006385803,0.0945587009191513,0.4285432994365692,0.007386222947388887,1.3155957276467234e-05,0.0011255585122853518,376
,,,,0.23875802755355835,0.04898211732506752,0.376646488904953,0.0075646061450243,9.534227501717396e-06,0.000575404497794807,377
,,,,0.43703311681747437,0.22539091110229492,0.42016077041625977,0.008203945122659206,9.301507816417143e-06,0.0006132004200480878,378
,,,,0.3541596233844757,0.15766732394695282,0.3879035413265228,0.009169045835733414,1.6247646271949634e-05,0.0013449036050587893,379
,,,,0.3064798414707184,0.08559392392635345,0.4352518618106842,0.007624207995831966,1.723878813209012e-05,0.0020726791117340326,380
,,,,0.42159467935562134,0.2125353217124939,0.41422319412231445,0.006526770070195198,9.143986972048879e-06,0.0010746821062639356,381
,,,,0.2734977900981903,0.07404645532369614,0.3963896334171295,0.0066452971659600735,5.122080438013654e-06,0.0004907602560706437,382
,,,,0.4248408079147339,0.2369120568037033,0.3725558817386627,0.007404218427836895,9.477909770794213e-06,0.0007539098151028156,383
,,,,0.3040573000907898,0.10258302092552185,0.40019363164901733,0.00741218589246273,7.518417987739667e-06,0.0005264425999484956,384
,,,,0.26234540343284607,0.06570962071418762,0.38796520233154297,0.007501174695789814,1.4271410691435449e-05,0.0015787481097504497,385
,,,,0.21616847813129425,0.03127296641469002,0.36542943120002747,0.006779576651751995,9.838870028033853e-06,0.0012474475661292672,386
,,,,0.2875276505947113,0.08698087930679321,0.3987041115760803,0.007109351456165314,5.484274424816249e-06,0.00040041812462732196,387
,,,,0.26352331042289734,0.07019145041704178,0.3810514807701111,0.007183718029409647,1.4767984794161748e-05,0.0017324090003967285,388
,,,,0.2849101424217224,0.07260344922542572,0.41845887899398804,0.007722478359937668,1.8866056052502245e-05,0.0019114096648991108,389
,,,,0.31017664074897766,0.11065955460071564,0.3924659788608551,0.007191559299826622,1.9885261281160638e-05,0.0021274948958307505,390
,,,,0.35747823119163513,0.13014252483844757,0.4494079053401947,0.007876976393163204,1.92964835150633e-05,0.0015270770527422428,391
,,,,0.24339130520820618,0.06053895130753517,0.3609163463115692,0.007591019384562969,9.955190762411803e-06,0.001357594272121787,392
,,,,0.2757689654827118,0.06801791489124298,0.4103512465953827,0.007235110271722078,1.3916418538428843e-05,0.0015363134443759918,393
,,,,0.3684951364994049,0.1705867201089859,0.3915318548679352,0.0073250215500593185,1.0211771950707771e-05,0.001169888419099152,394
,,,,0.34985923767089844,0.11946616321802139,0.45749014616012573,0.007723760791122913,8.32963087304961e-06,0.0007255084929056466,395
,,,,0.28290310502052307,0.06252235919237137,0.4354766011238098,0.007479389663785696,1.482494826632319e-05,0.0015713380416855216,396
,,,,0.2763104736804962,0.09083253890275955,0.3668929934501648,0.008412877097725868,9.26293978409376e-06,0.000987144885584712,397
,,,,0.41197100281715393,0.19030475616455078,0.43930116295814514,0.007254003547132015,1.3525715985451825e-05,0.0010684654116630554,398
,,,,0.275911808013916,0.07330478727817535,0.4013989567756653,0.007546818815171719,1.1770889614126645e-05,0.0009548342204652727,399
0.1386347028100863,0.10926606525770492,0.13621173540595918,0.10661382961811292,0.3154035806655884,0.08081750571727753,0.45689526200294495,0.00897793099284172,3.0372420951607637e-05,0.0043520135805010796,400
,,,,0.3301941454410553,0.10308559983968735,0.4478510618209839,0.007972684688866138,1.8054332031169906e-05,0.0019790849182754755,401
,,,,0.41520512104034424,0.18618345260620117,0.4542521834373474,0.0067495908588171005,1.0618241503834724e-05,0.0010118745267391205,402
,,,,0.35682424902915955,0.16528213024139404,0.37868183851242065,0.007464839145541191,1.3101725016895216e-05,0.001205700566060841,403
,,,,0.28921300172805786,0.08898013085126877,0.39789018034935,0.00631901016458869,8.406077540712431e-06,0.0005423605325631797,404
,,,,0.2730760872364044,0.0579938180744648,0.4267778992652893,0.005801680032163858,7.529425602115225e-06,0.0009238721104338765,405
,,,,0.30512258410453796,0.10699254274368286,0.39205214381217957,0.007656056433916092,9.86022405413678e-06,0.0011103707365691662,406
,,,,0.31070616841316223,0.1052936390042305,0.40527525544166565,0.00732864486053586,1.418045849277405e-05,0.0016946124378591776,407
,,,,0.28395044803619385,0.09407348185777664,0.37538793683052063,0.007621479220688343,1.4279302376962733e-05,0.0011769086122512817,408
,,,,0.24388645589351654,0.03947358950972557,0.40510231256484985,0.006913047283887863,8.261902621597983e-06,0.0009712016908451915,409
,,,,0.38963332772254944,0.19121675193309784,0.39422693848609924,0.0062736328691244125,7.87241333455313e-06,0.0005591807421296835,410
,,,,0.3215622901916504,0.09115317463874817,0.4572077989578247,0.006639448925852776,7.858743629185483e-06,0.0009471487137489021,411
,,,,0.29939165711402893,0.09247823059558868,0.40970686078071594,0.0069903121329844,9.846616194408853e-06,0.0011291956761851907,412
,,,,0.29736265540122986,0.08629908412694931,0.41624656319618225,0.006829836871474981,1.5043078747112304e-05,0.0018735843477770686,413
,,,,0.4323892295360565,0.19219465553760529,0.4718744158744812,0.0066190557554364204,2.139700336556416e-05,0.0029855109751224518,414
,,,,0.2549806237220764,0.10399116575717926,0.29675668478012085,0.008257690817117691,1.3728384146816097e-05,0.0014809311833232641,415
,,,,0.23554711043834686,0.05632571503520012,0.35530927777290344,0.0070203496143221855,7.0592554948234465e-06,0.0007170657627284527,416
,,,,0.27267026901245117,0.06426019966602325,0.41402608156204224,0.007314023561775684,8.455786883132532e-06,0.0005504704313352704,417
,,,,0.38151249289512634,0.14762113988399506,0.46406522393226624,0.006435182876884937,1.0615205610520206e-05,0.0010073758894577622,418
,,,,0.2891215980052948,0.07987594604492188,0.41445425152778625,0.007283506449311972,1.1735496627807152e-05,0.0010693019721657038,419
,,,,0.27215421199798584,0.08671564608812332,0.36605212092399597,0.008754553273320198,1.415067436028039e-05,0.001273810863494873,420
,,,,0.3774297833442688,0.18813392519950867,0.3747728765010834,0.007718872278928757,1.173573673440842e-05,0.0009420682908967137,421
,,,,0.3268935978412628,0.1130446195602417,0.424021452665329,0.0066588507033884525,1.1638606338237878e-05,0.0009711493039503694,422
,,,,0.24774140119552612,0.0569632425904274,0.37657430768013,0.007297427859157324,1.3336910342331976e-05,0.0014610481448471546,423
,,,,0.2294318974018097,0.06705235689878464,0.319790244102478,0.0070318602956831455,1.23748613987118e-05,0.0014781751669943333,424
,,,,0.3296830356121063,0.12525513768196106,0.40394917130470276,0.007417045999318361,1.2625171621039044e-05,0.0014200593577697873,425
,,,,0.2727032005786896,0.0927758663892746,0.356736421585083,0.007215029094368219,7.436779469571775e-06,0.0006942949839867651,426
,,,,0.430695116519928,0.20640505850315094,0.4435366690158844,0.006775055080652237,1.3597115867014509e-05,0.0015300613595172763,427
,,,,0.3377894163131714,0.11143437027931213,0.44801652431488037,0.00812014564871788,1.2705218978226185e-05,0.0012726207496598363,428
,,,,0.3272758424282074,0.12805455923080444,0.39514681696891785,0.00737350806593895,9.50535286392551e-06,0.0007540105725638568,429
,,,,0.31327202916145325,0.12366849929094315,0.37580424547195435,0.006729142740368843,1.2274356777197681e-05,0.000850939133670181,430
,,,,0.3192116618156433,0.12073542177677155,0.3924901485443115,0.006984677165746689,1.3704020602745004e-05,0.0012703774264082313,431
,,,,0.290071964263916,0.09226193279027939,0.3914538323879242,0.007259180769324303,9.874791430775076e-06,0.0011260582832619548,432
,,,,0.2753696143627167,0.07693290710449219,0.3909064829349518,0.007809211499989033,1.8311508029000834e-05,0.0018263054080307484,433
,,,,0.2818570137023926,0.04679451510310173,0.4627247452735901,0.008273432962596416,1.983788752113469e-05,0.002384074032306671,434
,,,,0.4460761547088623,0.2360275536775589,0.4153546094894409,0.007364107295870781,1.3312818737176713e-05,0.0013557464117184281,435
,,,,0.4083693027496338,0.18437764048576355,0.44354936480522156,0.007158069871366024,1.0926922186627053e-05,0.0012455214746296406,436
,,,,0.4389003813266754,0.22669099271297455,0.4219358265399933,0.006544791627675295,8.393577445531264e-06,0.0004849595425184816,437
,,,,0.31823569536209106,0.09835371375083923,0.4367523193359375,0.006825444288551807,7.347945938818157e-06,0.0006823967560194433,438
,,,,0.19868868589401245,0.034567151218652725,0.32504895329475403,0.006588804069906473,8.596383850090206e-06,0.0007775128469802439,439
,,,,0.31173083186149597,0.11353030055761337,0.3942295014858246,0.00690879812464118,7.780729902151506e-06,0.0003251888556405902,440
,,,,0.24384170770645142,0.039415597915649414,0.40351489186286926,0.007321796379983425,1.717251871014014e-05,0.0016051479615271091,441
,,,,0.2786651849746704,0.06952119618654251,0.4126549959182739,0.007975788787007332,1.7297374142799526e-05,0.001673795050010085,442
,,,,0.2318856567144394,0.06491975486278534,0.3263436257839203,0.007865391671657562,2.2660809918306768e-05,0.0024949596263468266,443
,,,,0.3118957579135895,0.0813470184803009,0.45630547404289246,0.006333965342491865,1.3578857760876417e-05,0.0014620432630181313,444
,,,,0.3163855969905853,0.11927119642496109,0.3886025846004486,0.007574925199151039,1.801504913601093e-05,0.0017040004022419453,445
,,,,0.3845737874507904,0.18089860677719116,0.40426865220069885,0.006837064865976572,6.930808012839407e-06,0.0007108503486961126,446
,,,,0.2516949772834778,0.03570014610886574,0.42882785201072693,0.006919533479958773,9.398629117640667e-06,0.0007361021125689149,447
,,,,0.3013630211353302,0.094048410654068,0.408265620470047,0.007798457518219948,1.9182079995516688e-05,0.0019920377526432276,448
,,,,0.3681674897670746,0.1554827243089676,0.42101526260375977,0.006829354912042618,1.191421688417904e-05,0.0012391955824568868,449
,,,,0.347392201423645,0.12998469173908234,0.4290269911289215,0.007605621125549078,1.5142394659051206e-05,0.001770318835042417,450
,,,,0.27348592877388,0.06181665137410164,0.4192644953727722,0.0062491875141859055,1.1043160156987142e-05,0.0011712482664734125,451
,,,,0.262553334236145,0.06541622430086136,0.38792598247528076,0.006894517689943314,1.7781241695047356e-05,0.0020616778638213873,452
,,,,0.34572458267211914,0.11828547716140747,0.44989240169525146,0.006110158283263445,1.7269878298975527e-05,0.0015596057055518031,453
,,,,0.4346357583999634,0.22196926176548004,0.4172782003879547,0.006818312220275402,2.6868727218243293e-05,0.0027745338156819344,454
,,,,0.3033605217933655,0.10733796656131744,0.38651901483535767,0.006515851244330406,1.767542926245369e-05,0.0017507164739072323,455
,,,,0.22978071868419647,0.05539931356906891,0.34551161527633667,0.005713269580155611,8.929619980335701e-06,0.0008740960038267076,456
,,,,0.26130014657974243,0.045826543122529984,0.42828693985939026,0.005970536265522242,7.200407708296552e-06,0.0006072844844311476,457
,,,,0.23878662288188934,0.04791102558374405,0.3788761496543884,0.006013024132698774,6.497264166682726e-06,0.0006935931742191315,458
,,,,0.26029565930366516,0.0525163896381855,0.41230207681655884,0.006181892938911915,7.075659141264623e-06,0.0008381546940654516,459
,,,,0.2508453130722046,0.06008750572800636,0.377931147813797,0.006945149041712284,8.117488505376969e-06,0.0009107213700190187,460
,,,,0.2852397561073303,0.07082349807024002,0.42495638132095337,0.006411451380699873,1.0070500138681382e-05,0.001075739972293377,461
,,,,0.3827310800552368,0.16584962606430054,0.42904627323150635,0.0068582044914364815,1.2129135939176194e-05,0.0013877066085115075,462
,,,,0.3102632761001587,0.0868440493941307,0.44313350319862366,0.006015241611748934,9.842829967965372e-06,0.0010375253623351455,463
,,,,0.22326457500457764,0.038328640162944794,0.3662852644920349,0.006864672526717186,8.651756616018247e-06,0.0009180434281006455,464
,,,,0.34438812732696533,0.13445787131786346,0.4165900647640228,0.00687504792585969,8.919972970033996e-06,0.000785301614087075,465
,,,,0.27481478452682495,0.1154281422495842,0.31515246629714966,0.007299148011952639,1.0002982890000567e-05,0.0008954186923801899,466
,,,,0.270914763212204,0.06973838061094284,0.3996320366859436,0.006363410037010908,9.104678611038253e-06,0.000598798505961895,467
,,,,0.3007113039493561,0.08361299335956573,0.4302273988723755,0.006253047380596399,1.1206345334358048e-05,0.0011271481635048985,468
,,,,0.30894628167152405,0.0749192163348198,0.46524888277053833,0.006504836026579142,6.281929017859511e-06,0.000623635423835367,469
,,,,0.26392343640327454,0.06589760631322861,0.3934815227985382,0.005402890499681234,5.819484613311943e-06,0.0006177318282425404,470
,,,,0.37793171405792236,0.1503460705280304,0.4527614414691925,0.006340155843645334,4.330938736529788e-06,0.0004735934198834002,471
,,,,0.6372026205062866,0.39578762650489807,0.47753962874412537,0.007062398362904787,1.5805191651452333e-05,0.0016078655607998371,472
,,,,0.23935732245445251,0.0630146935582161,0.3461143672466278,0.007185578811913729,1.8715159967541695e-05,0.0021297079510986805,473
,,,,0.3535662889480591,0.13020308315753937,0.4439990818500519,0.0061853062361478806,6.38902020000387e-06,0.0006177817704156041,474
,,,,0.28281182050704956,0.09412164241075516,0.37211698293685913,0.006572167854756117,1.3547036360250786e-05,0.0016386081697419286,475
,,,,0.31937187910079956,0.09780389815568924,0.4321475028991699,0.00789986364543438,2.7744308681576513e-05,0.003906307741999626,476
,,,,0.3512694239616394,0.13312192261219025,0.4314102530479431,0.006626872345805168,1.30516491481103e-05,0.0014765510568395257,477
,,,,0.34802356362342834,0.14074712991714478,0.41102203726768494,0.006542594637721777,8.519208677171264e-06,0.0009217109181918204,478
,,,,0.24257312715053558,0.04704232141375542,0.38683727383613586,0.0068885996006429195,1.209842139360262e-05,0.0011800278443843126,479
,,,,0.23658637702465057,0.040963198989629745,0.38842716813087463,0.006540326401591301,8.809809514787048e-06,0.0006252269959077239,480
,,,,0.4422004222869873,0.20001155138015747,0.4797233045101166,0.006981939543038607,1.2996746590943076e-05,0.0013509991113096476,481
,,,,0.31787389516830444,0.09624551236629486,0.439238041639328,0.006203546188771725,1.0356587154092267e-05,0.0011523067951202393,482
,,,,0.2882845103740692,0.08304419368505478,0.40629178285598755,0.007147364784032106,1.1512835044413805e-05,0.0011439790250733495,483
,,,,0.3784552216529846,0.16104325652122498,0.4314698576927185,0.007782571483403444,1.1847703717648983e-05,0.0007430631667375565,484
,,,,0.2965320944786072,0.10131759196519852,0.3847483992576599,0.007876249961555004,1.7557260434841737e-05,0.001701794913969934,485
,,,,0.3138011693954468,0.10978686809539795,0.40246325731277466,0.007206679787486792,1.4422434105654247e-05,0.001711107324808836,486
,,,,0.38699179887771606,0.16138781607151031,0.44856515526771545,0.006230642087757587,5.853524271515198e-06,0.0005790100549347699,487
,,,,0.36980926990509033,0.15645603835582733,0.4232296943664551,0.006890919059514999,9.756262443261221e-06,0.0008695382275618613,488
,,,,0.3736068606376648,0.1634713113307953,0.41617387533187866,0.0076513029634952545,1.1200818335055374e-05,0.0010639738757163286,489
,,,,0.23842468857765198,0.04032878577709198,0.39189884066581726,0.007457961793988943,1.0197813935519662e-05,0.0011621296871453524,490
,,,,0.24452437460422516,0.05181131139397621,0.3812721073627472,0.008712618611752987,1.0295318134012632e-05,0.0009996537119150162,491
,,,,0.3190170228481293,0.12656794488430023,0.3819776773452759,0.007571754977107048,8.987533874460496e-06,0.0005813761381432414,492
,,,,0.26670798659324646,0.0808059498667717,0.3683832287788391,0.007296205032616854,1.0729282621468883e-05,0.0008119738777168095,493
,,,,0.4393414855003357,0.21912959218025208,0.4355882406234741,0.007590123917907476,1.8796003132592887e-05,0.0013728976482525468,494
,,,,0.5328603386878967,0.3265874981880188,0.4080410897731781,0.006584352347999811,1.7677859432296827e-05,0.001319372677244246,495
,,,,0.45937323570251465,0.22046531736850739,0.4714079201221466,0.007679463364183903,1.9950148271163926e-05,0.002020025858655572,496
,,,,0.26176050305366516,0.04180506616830826,0.43602415919303894,0.006485001649707556,1.1817304766736925e-05,0.0010731408838182688,497
,,,,0.26430752873420715,0.07199074327945709,0.38135096430778503,0.006885871756821871,8.173459718818776e-06,0.0007898379117250443,498
0.1386347028100863,0.10926606525770492,0.13621237265411765,0.10666753572101394,0.4202527105808258,0.19909954071044922,0.43914979696273804,0.00696497643366456,6.587053121620556e-06,0.0007315047550946474,499
